담당과,조례,조례시행일,조례조문,등급,법령,상위법조문,변경유형,행동지시
감사실,군포시 공무원 행동강령 시행규칙,2025-03-17,제13조의3,검토 필요,공공기관의 운영에 관한 법률,제4조제1항,내용변경,「공공기관의 운영에 관한 법률」 제4조 개정 내용을 반영하여 이 조례 제13조의3을(를) 검토·정비
감사실,군포시 공직자윤리위원회 구성과 운영에 관한 조례,2023-07-04,제2조,검토 필요,공직자윤리법,제3조제1항,내용변경,「공직자윤리법」 제3조 개정 내용을 반영하여 이 조례 제2조을(를) 검토·정비
감사실,군포시 공직자윤리위원회 구성과 운영에 관한 조례,2023-07-04,제2조,검토 필요,공직자윤리법 시행령,제3조,내용변경,「공직자윤리법 시행령」 제3조 개정 내용을 반영하여 이 조례 제2조을(를) 검토·정비
감사실,군포시 공직자윤리위원회 구성과 운영에 관한 조례,2023-07-04,제6조,검토 필요,공직자윤리법,제8조제7항,내용변경,「공직자윤리법」 제8조 개정 내용을 반영하여 이 조례 제6조을(를) 검토·정비
감사실,군포시 공직자윤리위원회 구성과 운영에 관한 조례,2023-07-04,제6조,검토 필요,공직자윤리법,제8조의2,내용변경,「공직자윤리법」 제8조의2 개정 내용을 반영하여 이 조례 제6조을(를) 검토·정비
감사실,군포시 공직자윤리위원회 구성과 운영에 관한 조례,2023-07-04,제9조,검토 필요,공직자윤리법,제17조제1항,내용변경,「공직자윤리법」 제17조 개정 내용을 반영하여 이 조례 제9조을(를) 검토·정비
감사실,군포시 시민감사관 구성 및 운영 조례,2019-04-18,제2조,검토 필요,공공기관의 정보공개에 관한 법률,제9조,내용변경,「공공기관의 정보공개에 관한 법률」 제9조 개정 내용을 반영하여 이 조례 제2조을(를) 검토·정비
감사실,군포시 시민감사관 구성 및 운영 조례,2019-04-18,제3조,검토 필요,공공  기관의 운영에 관한 법률,제4조,내용변경,「공공  기관의 운영에 관한 법률」 제4조 개정 내용을 반영하여 이 조례 제3조을(를) 검토·정비
감사실,군포시 시민감사관 구성 및 운영 조례,2019-04-18,제3조,검토 필요,지방공무원법,제31조,내용변경,「지방공무원법」 제31조 개정 내용을 반영하여 이 조례 제3조을(를) 검토·정비
감사실,군포시 시민고충처리위원회(옴부즈만) 구성 및 운영에 관한 조례,2024-10-02,제4조,검토 필요,권익위법,,제명변경,인용한 「권익위법」이(가) 현행 「부패방지 및 국민권익위원회의 설치와 운영에 관한 법률」(으)로 제명변경(개칭·통폐합)됨 — 법령 자체가 바뀌었으니 인용 법령명을 현행화하고 관련 조문을 전면 검토. (조문번호·내용이 재편됐을 수 있어 개별 조문 비교는 생략) [개칭 아니면 인용 오기 확인]
감사실,군포시 시민고충처리위원회(옴부즈만) 구성 및 운영에 관한 조례,2024-10-02,제9조,검토 필요,권익위법,,제명변경,인용한 「권익위법」이(가) 현행 「부패방지 및 국민권익위원회의 설치와 운영에 관한 법률」(으)로 제명변경(개칭·통폐합)됨 — 법령 자체가 바뀌었으니 인용 법령명을 현행화하고 관련 조문을 전면 검토. (조문번호·내용이 재편됐을 수 있어 개별 조문 비교는 생략) [개칭 아니면 인용 오기 확인]
감사실,군포시 시민고충처리위원회(옴부즈만) 구성 및 운영에 관한 조례,2024-10-02,제8조,검토 필요,지방공무원법,제31조,내용변경,「지방공무원법」 제31조 개정 내용을 반영하여 이 조례 제8조을(를) 검토·정비
감사실,군포시 자체감사 규칙,2022-01-13,제22조,검토 필요,지방공무원 적극행정 운영규정,제12조,내용변경,「지방공무원 적극행정 운영규정」 제12조 개정 내용을 반영하여 이 조례 제22조을(를) 검토·정비
건설과,군포시 기술자문위원회 운영 조례,2020-09-29,제3조,검토 필요,시설물 안전관리에 관한 특별법,,제명변경,인용한 「시설물 안전관리에 관한 특별법」이(가) 현행 「시설물의 안전 및 유지관리에 관한 특별법」(으)로 제명변경(개칭·통폐합)됨 — 법령 자체가 바뀌었으니 인용 법령명을 현행화하고 관련 조문을 전면 검토. (조문번호·내용이 재편됐을 수 있어 개별 조문 비교는 생략) [개칭 아니면 인용 오기 확인]
건설과,군포시 기술자문위원회 운영 조례,2020-09-29,제1조,검토 필요,건설기술진흥법 시행령,제19조,내용변경,「건설기술진흥법 시행령」 제19조 개정 내용을 반영하여 이 조례 제1조을(를) 검토·정비
건설과,군포시 도로복구 원인자부담금 징수 조례,2018-04-20,제2조,검토 필요,도로법,제2조,내용변경,「도로법」 제2조 개정 내용을 반영하여 이 조례 제2조을(를) 검토·정비
건설과,군포시 도로상 동물 찻길 사고 예방 및 사체처리 등에 관한 조례,2025-03-17,제2조,검토 필요,야생생물 보호 및 관리에 관한 법률,제2조제2호,내용변경,「야생생물 보호 및 관리에 관한 법률」 제2조 개정 내용을 반영하여 이 조례 제2조을(를) 검토·정비
건설과,군포시 도로상 동물 찻길 사고 예방 및 사체처리 등에 관한 조례,2025-03-17,제2조,검토 필요,자연유산의 보존 및 활용에 관한 법률,제11조제1항,내용변경,「자연유산의 보존 및 활용에 관한 법률」 제11조 개정 내용을 반영하여 이 조례 제2조을(를) 검토·정비
건설과,군포시 도로상 동물 찻길 사고 예방 및 사체처리 등에 관한 조례,2025-03-17,제7조,검토 필요,폐기물관리법,제14조,내용변경,「폐기물관리법」 제14조 개정 내용을 반영하여 이 조례 제7조을(를) 검토·정비
건설과,군포시 도로상 맨홀 등 작업구의 정비 지원에 관한 조례,2025-05-08,제2조,검토 필요,도로법,제2조,내용변경,「도로법」 제2조 개정 내용을 반영하여 이 조례 제2조을(를) 검토·정비
건설과,군포시 도로점용 공사장 교통소통대책에 관한 조례,2015-03-23,제6조,검토 필요,도시교통정비 촉진법,제26조,내용변경,「도시교통정비 촉진법」 제26조 개정 내용을 반영하여 이 조례 제6조을(를) 검토·정비
건설과,군포시 도로점용 공사장 교통소통대책에 관한 조례,2015-03-23,제12조,검토 필요,도로법,제117조제2항제7호,내용변경,「도로법」 제117조 개정 내용을 반영하여 이 조례 제12조을(를) 검토·정비
건설과,군포시 도로점용허가 및 점용료 등 부과ㆍ징수조례,2024-03-19,제12조,검토 필요,도로법 시행령,제105조,내용변경,「도로법 시행령」 제105조 개정 내용을 반영하여 이 조례 제12조을(를) 검토·정비
건설과,군포시 도로점용허가 및 점용료 등 부과ㆍ징수조례,2024-03-19,제12조,검토 필요,도로법,제117조제2항,내용변경,「도로법」 제117조 개정 내용을 반영하여 이 조례 제12조을(를) 검토·정비
건설과,군포시 소하천 점용료 등 징수 조례,2022-01-13,제1조,검토 필요,소하천정비법,제22조,내용변경,「소하천정비법」 제22조 개정 내용을 반영하여 이 조례 제1조을(를) 검토·정비
건설과,군포시 소하천 점용료 등 징수 조례,2022-01-13,제2조,검토 필요,소하천정비법,제22조,내용변경,「소하천정비법」 제22조 개정 내용을 반영하여 이 조례 제2조을(를) 검토·정비
건설과,군포시 소하천 점용료 등 징수 조례,2022-01-13,제2조,검토 필요,소하천정비법,제14조,내용변경,「소하천정비법」 제14조 개정 내용을 반영하여 이 조례 제2조을(를) 검토·정비
건설과,군포시 소하천 점용료 등 징수 조례,2022-01-13,제2조,검토 필요,소하천정비법,제22조제2항,내용변경,「소하천정비법」 제22조 개정 내용을 반영하여 이 조례 제2조을(를) 검토·정비
건설과,군포시 소하천 점용료 등 징수 조례,2022-01-13,제3조,검토 필요,소하천정비법,제22조제2항,내용변경,「소하천정비법」 제22조 개정 내용을 반영하여 이 조례 제3조을(를) 검토·정비
건축과,군포시 건축 조례,2025-03-17,제22조의2,검토 필요,건축사법,제19조의3,내용변경,「건축사법」 제19조의3 개정 내용을 반영하여 이 조례 제22조의2을(를) 검토·정비
건축과,군포시 건축 조례,2025-03-17,제29조,검토 필요,엔지니어링산업 진흥법,제31조,내용변경,「엔지니어링산업 진흥법」 제31조 개정 내용을 반영하여 이 조례 제29조을(를) 검토·정비
건축과,군포시 건축 조례,2025-03-17,제17조,검토 필요,건축법,제22조,내용변경,「건축법」 제22조 개정 내용을 반영하여 이 조례 제17조을(를) 검토·정비
건축과,군포시 건축 조례,2025-03-17,제20조,검토 필요,건축법,제22조제2항,내용변경,「건축법」 제22조 개정 내용을 반영하여 이 조례 제20조을(를) 검토·정비
건축과,군포시 건축 조례,2025-03-17,제23조,검토 필요,건축법,제11조,내용변경,「건축법」 제11조 개정 내용을 반영하여 이 조례 제23조을(를) 검토·정비
건축과,군포시 건축 조례,2025-03-17,제23조,검토 필요,건축법,제22조,내용변경,「건축법」 제22조 개정 내용을 반영하여 이 조례 제23조을(를) 검토·정비
건축과,군포시 건축 조례,2025-03-17,제5조,검토 필요,건축법 시행령,제6조의2,내용변경,「건축법 시행령」 제6조의2 개정 내용을 반영하여 이 조례 제5조을(를) 검토·정비
건축과,군포시 건축 조례 시행규칙,2016-05-16,제3조,검토 필요,지방공무원법,제31조,내용변경,「지방공무원법」 제31조 개정 내용을 반영하여 이 조례 제3조을(를) 검토·정비
건축과,군포시 건축물관리 조례,2022-08-12,제4조,검토 필요,의료법,,제명변경,인용한 「의료법」이(가) 현행 「공공보건의료에 관한 법률」(으)로 제명변경(개칭·통폐합)됨 — 법령 자체가 바뀌었으니 인용 법령명을 현행화하고 관련 조문을 전면 검토. (조문번호·내용이 재편됐을 수 있어 개별 조문 비교는 생략) [개칭 아니면 인용 오기 확인]
건축과,군포시 건축물관리 조례,2022-08-12,제4조,검토 필요,다중이용업소의 안전관리에 관한 특별법 시행령,제2조,내용변경,「다중이용업소의 안전관리에 관한 특별법 시행령」 제2조 개정 내용을 반영하여 이 조례 제4조을(를) 검토·정비
건축과,군포시 건축물관리 조례,2022-08-12,제4조,검토 필요,영화 및 비디오물의 진흥에 관한 법률,제2조제10호,내용변경,「영화 및 비디오물의 진흥에 관한 법률」 제2조 개정 내용을 반영하여 이 조례 제4조을(를) 검토·정비
건축과,군포시 건축물관리 조례,2022-08-12,제6조,검토 필요,도시 및 주거환경정비법,제2조,내용변경,「도시 및 주거환경정비법」 제2조 개정 내용을 반영하여 이 조례 제6조을(를) 검토·정비
건축과,군포시 건축물관리 조례,2022-08-12,제8조,검토 필요,도시 및 주거환경정비법,제2조,내용변경,「도시 및 주거환경정비법」 제2조 개정 내용을 반영하여 이 조례 제8조을(를) 검토·정비
건축과,군포시 건축물관리 조례,2022-08-12,제10조,검토 필요,건축법,제87조의2제1항,내용변경,「건축법」 제87조의2 개정 내용을 반영하여 이 조례 제10조을(를) 검토·정비
건축과,군포시 건축물관리 조례,2022-08-12,제10조,검토 필요,건축물관리법,제11조,내용변경,「건축물관리법」 제11조 개정 내용을 반영하여 이 조례 제10조을(를) 검토·정비
건축과,군포시 녹색건축물 조성 지원 조례,2017-07-11,제2조,검토 필요,녹색건축물 조성 지원법,제2조제1호,내용변경,「녹색건축물 조성 지원법」 제2조 개정 내용을 반영하여 이 조례 제2조을(를) 검토·정비
건축과,군포시 녹색건축물 조성 지원 조례,2017-07-11,제2조,검토 필요,신에너지 및 재생에너지 개발·이용·보급 촉진법,제2조제2호,내용변경,「신에너지 및 재생에너지 개발·이용·보급 촉진법」 제2조 개정 내용을 반영하여 이 조례 제2조을(를) 검토·정비
건축과,군포시 녹색건축물 조성 지원 조례,2017-07-11,제9조,검토 필요,녹색건축물 조성 지원법,제16조,내용변경,「녹색건축물 조성 지원법」 제16조 개정 내용을 반영하여 이 조례 제9조을(를) 검토·정비
건축과,군포시 녹색건축물 조성 지원 조례,2017-07-11,제9조,검토 필요,녹색건축물 조성 지원법,제17조,내용변경,「녹색건축물 조성 지원법」 제17조 개정 내용을 반영하여 이 조례 제9조을(를) 검토·정비
건축과,군포시 소규모 공동주택 관리에 관한 지원 조례,2022-08-12,제2조,검토 필요,건축법,제11조,내용변경,「건축법」 제11조 개정 내용을 반영하여 이 조례 제2조을(를) 검토·정비
건축과,군포시 소규모 공동주택 관리에 관한 지원 조례,2022-08-12,제4조,검토 필요,건축법,제11조,내용변경,「건축법」 제11조 개정 내용을 반영하여 이 조례 제4조을(를) 검토·정비
건축과,군포시 시민의 안전한 생활환경 지원을 위한 공사장 관리 조례,2021-04-26,제2조,검토 필요,건축법,제2조,내용변경,「건축법」 제2조 개정 내용을 반영하여 이 조례 제2조을(를) 검토·정비
건축과,군포시 시민의 안전한 생활환경 지원을 위한 공사장 관리 조례,2021-04-26,제2조,검토 필요,도로법,제2조,내용변경,「도로법」 제2조 개정 내용을 반영하여 이 조례 제2조을(를) 검토·정비
건축과,군포시 옥외광고물 등의 관리와 옥외광고산업 진흥에 관한 조례,2025-12-10,제15조,검토 필요,민원 처리에 관한 법률 시행령,제21조,내용변경,「민원 처리에 관한 법률 시행령」 제21조 개정 내용을 반영하여 이 조례 제15조을(를) 검토·정비
건축과,군포시 옥외광고물 등의 관리와 옥외광고산업 진흥에 관한 조례,2025-12-10,제21조,검토 필요,지방자치단체를 당사자로 하는 계약에 관한 법률 시행령,제25조,내용변경,「지방자치단체를 당사자로 하는 계약에 관한 법률 시행령」 제25조 개정 내용을 반영하여 이 조례 제21조을(를) 검토·정비
건축과,군포시 옥외광고물 등의 관리와 옥외광고산업 진흥에 관한 조례,2025-12-10,제11조,검토 필요,옥외광고물 등의 관리와 옥외광고산업 진흥에 관한 법률 시행령,제28조제3항,내용변경,「옥외광고물 등의 관리와 옥외광고산업 진흥에 관한 법률 시행령」 제28조 개정 내용을 반영하여 이 조례 제11조을(를) 검토·정비
건축과,군포시 친환경 소재 현수막 사용 촉진 및 재활용 활성화에 관한 조례,2024-07-09,제3조,검토 필요,환경정책기본법,제4조,내용변경,「환경정책기본법」 제4조 개정 내용을 반영하여 이 조례 제3조을(를) 검토·정비
교육체육과,군포시 방사능으로부터 안전한 식재료 공급 지원 조례,2014-05-20,제2조,검토 필요,초·중등교육법,제2조,내용변경,「초·중등교육법」 제2조 개정 내용을 반영하여 이 조례 제2조을(를) 검토·정비
교육체육과,군포시 방사능으로부터 안전한 식재료 공급 지원 조례,2014-05-20,제2조,검토 필요,영유아보육법,제2조,내용변경,「영유아보육법」 제2조 개정 내용을 반영하여 이 조례 제2조을(를) 검토·정비
교육체육과,군포시 안양ㆍ군포ㆍ의왕ㆍ과천 공동급식지원센터 설립 및 운영 조례,2019-03-15,제8조,검토 필요,지방공무원법,제31조,내용변경,「지방공무원법」 제31조 개정 내용을 반영하여 이 조례 제8조을(를) 검토·정비
교육체육과,군포시 장애인 평생교육 지원 조례,2023-05-01,제1조,검토 필요,평생교육법,제5조제2항,내용변경,「평생교육법」 제5조 개정 내용을 반영하여 이 조례 제1조을(를) 검토·정비
교육체육과,군포시 장애인 평생교육 지원 조례,2023-05-01,제1조,검토 필요,평생교육법,제5조제3항,내용변경,「평생교육법」 제5조 개정 내용을 반영하여 이 조례 제1조을(를) 검토·정비
교육체육과,군포시 장애인 평생교육 지원 조례,2023-05-01,제1조,검토 필요,평생교육법,제20조의2,내용변경,「평생교육법」 제20조의2 개정 내용을 반영하여 이 조례 제1조을(를) 검토·정비
교육체육과,군포시 장애인 평생교육 지원 조례,2023-05-01,제2조,검토 필요,평생교육법,제20조의2,내용변경,「평생교육법」 제20조의2 개정 내용을 반영하여 이 조례 제2조을(를) 검토·정비
교육체육과,군포시 장애인 평생교육 지원 조례,2023-05-01,제6조,검토 필요,평생교육법,제20조의2,내용변경,「평생교육법」 제20조의2 개정 내용을 반영하여 이 조례 제6조을(를) 검토·정비
교육체육과,군포시 장애인체육 진흥 조례,2015-01-01,제2조,검토 필요,장애인복지법,제32조,내용변경,「장애인복지법」 제32조 개정 내용을 반영하여 이 조례 제2조을(를) 검토·정비
교육체육과,군포시 전통무예 진흥 및 지원 조례,2021-01-15,제2조,검토 필요,전통무예진흥법,제2조제1호,내용변경,「전통무예진흥법」 제2조 개정 내용을 반영하여 이 조례 제2조을(를) 검토·정비
교육체육과,군포시 전통무예 진흥 및 지원 조례,2021-01-15,제3조,검토 필요,전통무예진흥법,제3조,내용변경,「전통무예진흥법」 제3조 개정 내용을 반영하여 이 조례 제3조을(를) 검토·정비
교육체육과,군포시 전통무예 진흥 및 지원 조례,2021-01-15,제4조,검토 필요,전통무예진흥법,제3조,내용변경,「전통무예진흥법」 제3조 개정 내용을 반영하여 이 조례 제4조을(를) 검토·정비
교육체육과,군포시 체육꿈나무 육성을 위한 지원 조례,2021-04-26,제1조,검토 필요,지방교육재정교부금법,제11조,내용변경,「지방교육재정교부금법」 제11조 개정 내용을 반영하여 이 조례 제1조을(를) 검토·정비 (덧붙여 「지방교육재정교부금법」처럼 꺽쇠 서식으로 정정)
교육체육과,군포시 체육시설 관리ㆍ운영 조례,2024-07-09,제13조,검토 필요,재난 및 안전관리 기본법,제3조제1호,내용변경,「재난 및 안전관리 기본법」 제3조 개정 내용을 반영하여 이 조례 제13조을(를) 검토·정비
교육체육과,군포시 평생학습마을 설치 및 운영에 관한 조례,2024-01-08,제12조,검토 필요,관공서의 공휴일에 관한 규정,제2조,내용변경,「관공서의 공휴일에 관한 규정」 제2조 개정 내용을 반영하여 이 조례 제12조을(를) 검토·정비
교육체육과,군포시청 직장운동경기부 설치 및 운영 조례,2023-12-12,제8조,검토 필요,지방공무원법,제31조,내용변경,「지방공무원법」 제31조 개정 내용을 반영하여 이 조례 제8조을(를) 검토·정비
교육체육과,군포시청 직장운동경기부 설치 및 운영 조례,2023-12-12,제9조,검토 필요,지방공무원법,제31조,내용변경,「지방공무원법」 제31조 개정 내용을 반영하여 이 조례 제9조을(를) 검토·정비
교육체육과,군포시청 직장운동경기부 설치 및 운영 조례 시행규칙,2023-12-12,제28조,검토 필요,지방공무원법,제31조,내용변경,「지방공무원법」 제31조 개정 내용을 반영하여 이 조례 제28조을(를) 검토·정비
교육체육과,군포청소년교육특구 운영에 관한 조례,2021-04-26,제1조,검토 필요,지역특화발전특구에 대한 규제특례법,,제명변경,인용한 「지역특화발전특구에 대한 규제특례법」이(가) 현행 「규제자유특구 및 지역특화발전특구에 관한 규제특례법」(으)로 제명변경(개칭·통폐합)됨 — 법령 자체가 바뀌었으니 인용 법령명을 현행화하고 관련 조문을 전면 검토. (조문번호·내용이 재편됐을 수 있어 개별 조문 비교는 생략) [개칭 아니면 인용 오기 확인]
교육체육과,군포청소년교육특구 운영에 관한 조례,2021-04-26,제2조,검토 필요,지역특화발전특구에 대한 규제특례법,,제명변경,인용한 「지역특화발전특구에 대한 규제특례법」이(가) 현행 「규제자유특구 및 지역특화발전특구에 관한 규제특례법」(으)로 제명변경(개칭·통폐합)됨 — 법령 자체가 바뀌었으니 인용 법령명을 현행화하고 관련 조문을 전면 검토. (조문번호·내용이 재편됐을 수 있어 개별 조문 비교는 생략) [개칭 아니면 인용 오기 확인]
교육체육과,군포청소년교육특구 운영에 관한 조례,2021-04-26,제16조,검토 필요,지역특화발전특구에 대한 규제특례법,,제명변경,인용한 「지역특화발전특구에 대한 규제특례법」이(가) 현행 「규제자유특구 및 지역특화발전특구에 관한 규제특례법」(으)로 제명변경(개칭·통폐합)됨 — 법령 자체가 바뀌었으니 인용 법령명을 현행화하고 관련 조문을 전면 검토. (조문번호·내용이 재편됐을 수 있어 개별 조문 비교는 생략) [개칭 아니면 인용 오기 확인]
교통행정과,군포시 교통유발부담금 경감 등에 관한 조례,2023-05-01,제6조,검토 필요,재난 및 안전관리 기본법,제3조제1호,내용변경,「재난 및 안전관리 기본법」 제3조 개정 내용을 반영하여 이 조례 제6조을(를) 검토·정비
교통행정과,군포시 교통유발부담금 경감 등에 관한 조례,2023-05-01,제8조의3,검토 필요,도로교통법,제2조,내용변경,「도로교통법」 제2조 개정 내용을 반영하여 이 조례 제8조의3을(를) 검토·정비
교통행정과,군포시 도시교통 정비지역 내의 교통영향평가 대상사업 및 시설규모 적용지역 지정에 관한 조례,2018-10-08,제1조,검토 필요,도시교통정비촉진법,제3조,내용변경,「도시교통정비촉진법」 제3조 개정 내용을 반영하여 이 조례 제1조을(를) 검토·정비 (덧붙여 「도시교통정비촉진법」처럼 꺽쇠 서식으로 정정)
교통행정과,군포시 버스공영차고지 운영 및 관리 조례,2024-10-02,제7조,검토 필요,수질 및 수생태계 보전에 관한 법률,,제명변경,인용한 「수질 및 수생태계 보전에 관한 법률」이(가) 현행 「물환경보전법」(으)로 제명변경(개칭·통폐합)됨 — 법령 자체가 바뀌었으니 인용 법령명을 현행화하고 관련 조문을 전면 검토. (조문번호·내용이 재편됐을 수 있어 개별 조문 비교는 생략) [개칭 아니면 인용 오기 확인]
교통행정과,군포시 버스공영차고지 운영 및 관리 조례,2024-10-02,제7조,검토 필요,소음ㆍ진동규제법,,제명변경,인용한 「소음ㆍ진동규제법」이(가) 현행 「소음ㆍ진동관리법」(으)로 제명변경(개칭·통폐합)됨 — 법령 자체가 바뀌었으니 인용 법령명을 현행화하고 관련 조문을 전면 검토. (조문번호·내용이 재편됐을 수 있어 개별 조문 비교는 생략) [개칭 아니면 인용 오기 확인]
교통행정과,군포시 사업용자동차 운송사업자 차고지 보유의무 면제 조례,2011-11-01,제1조,검토 필요,화물자동차 운수사업법 시행규칙,제13조,내용변경,「화물자동차 운수사업법 시행규칙」 제13조 개정 내용을 반영하여 이 조례 제1조을(를) 검토·정비
교통행정과,군포시 어르신 교통비 지원 조례,2025-05-08,제5조,검토 필요,여신전문금융업법,제2조,내용변경,「여신전문금융업법」 제2조 개정 내용을 반영하여 이 조례 제5조을(를) 검토·정비
교통행정과,군포시 어린이 보호구역 및 통학로 교통안전 조례,2021-07-01,제2조,검토 필요,도로교통법,제12조,내용변경,「도로교통법」 제12조 개정 내용을 반영하여 이 조례 제2조을(를) 검토·정비
교통행정과,군포시 어린이 보호구역 및 통학로 교통안전 조례,2021-07-01,제2조,검토 필요,도로교통법 시행규칙,제14조제1항,내용변경,「도로교통법 시행규칙」 제14조 개정 내용을 반영하여 이 조례 제2조을(를) 검토·정비
교통행정과,군포시 어린이 보호구역 및 통학로 교통안전 조례,2021-07-01,제2조,검토 필요,학원의 설립ㆍ운영 및 과외교습에 관한 법률,제2조,내용변경,「학원의 설립ㆍ운영 및 과외교습에 관한 법률」 제2조 개정 내용을 반영하여 이 조례 제2조을(를) 검토·정비
교통행정과,군포시 어린이 보호구역 및 통학로 교통안전 조례,2021-07-01,제2조,검토 필요,도로교통법 시행규칙,제14조제2항,내용변경,「도로교통법 시행규칙」 제14조 개정 내용을 반영하여 이 조례 제2조을(를) 검토·정비
교통행정과,군포시 어린이 보호구역 및 통학로 교통안전 조례,2021-07-01,제2조,검토 필요,초ㆍ중등교육법,제60조의3,내용변경,「초ㆍ중등교육법」 제60조의3 개정 내용을 반영하여 이 조례 제2조을(를) 검토·정비
교통행정과,군포시 어린이 보호구역 및 통학로 교통안전 조례,2021-07-01,제6조,검토 필요,도로법,제2조,내용변경,「도로법」 제2조 개정 내용을 반영하여 이 조례 제6조을(를) 검토·정비
교통행정과,군포시 택시운송사업의 구분 변경에 관한 규칙,2021-09-16,제1조,검토 필요,여객자동차 운수사업법 시행규칙,제33조제1항제6호,내용변경,「여객자동차 운수사업법 시행규칙」 제33조 개정 내용을 반영하여 이 조례 제1조을(를) 검토·정비
교통행정과,군포시 택시운송사업의 구분 변경에 관한 규칙,2021-09-16,제2조,검토 필요,여객자동차 운수사업법 시행규칙,제33조제1항제6호,내용변경,「여객자동차 운수사업법 시행규칙」 제33조 개정 내용을 반영하여 이 조례 제2조을(를) 검토·정비
기업정책과,군포시 가스사업 등의 허가기준에 관한 조례,2015-10-12,제1조,검토 필요,고압가스안전관리법 시행령,제3조제5항,내용변경,「고압가스안전관리법 시행령」 제3조 개정 내용을 반영하여 이 조례 제1조을(를) 검토·정비
기업정책과,군포시 가스사업 등의 허가기준에 관한 조례,2015-10-12,제1조,검토 필요,액화석유가스의 안전관리 및 사업법,제6조제2항,내용변경,「액화석유가스의 안전관리 및 사업법」 제6조 개정 내용을 반영하여 이 조례 제1조을(를) 검토·정비
기업정책과,군포시 가스사업 등의 허가기준에 관한 조례,2015-10-12,제2조,검토 필요,고압가스안전관리법,제4조,내용변경,「고압가스안전관리법」 제4조 개정 내용을 반영하여 이 조례 제2조을(를) 검토·정비
기업정책과,군포시 가스사업 등의 허가기준에 관한 조례,2015-10-12,제2조,검토 필요,액화석유가스의 안전관리 및 사업법,제5조,내용변경,「액화석유가스의 안전관리 및 사업법」 제5조 개정 내용을 반영하여 이 조례 제2조을(를) 검토·정비
기업정책과,군포시 노동종합복지관 설치 및 운영 조례,2021-09-30,제10조,검토 필요,고엽제후유의증 등 환자지원 및 단체설립에 관한 법률,제8조의3,내용변경,「고엽제후유의증 등 환자지원 및 단체설립에 관한 법률」 제8조의3 개정 내용을 반영하여 이 조례 제10조을(를) 검토·정비
기업정책과,군포시 노동종합복지관 설치 및 운영 조례,2021-09-30,제10조,검토 필요,특수임무유공자 예우 및 단체설립에 관한 법률 시행령,제58조,내용변경,「특수임무유공자 예우 및 단체설립에 관한 법률 시행령」 제58조 개정 내용을 반영하여 이 조례 제10조을(를) 검토·정비
기업정책과,군포시 생활임금 조례,2023-05-01,제2조,검토 필요,지방공기업법,제76조,내용변경,「지방공기업법」 제76조 개정 내용을 반영하여 이 조례 제2조을(를) 검토·정비
기업정책과,군포시 수소산업 육성 및 지원에 관한 조례,2024-01-08,제2조,검토 필요,수소경제 육성 및 수소 안전관리에 관한 법률,제22조,내용변경,「수소경제 육성 및 수소 안전관리에 관한 법률」 제22조 개정 내용을 반영하여 이 조례 제2조을(를) 검토·정비
기업정책과,군포시 에너지 기본 조례,2024-05-15,제2조,검토 필요,에너지이용 합리화법,제22조,내용변경,「에너지이용 합리화법」 제22조 개정 내용을 반영하여 이 조례 제2조을(를) 검토·정비
기업정책과,군포시 에너지 기본 조례,2024-05-15,제7조,검토 필요,집단에너지사업법,제5조제1항,내용변경,「집단에너지사업법」 제5조 개정 내용을 반영하여 이 조례 제7조을(를) 검토·정비
기업정책과,군포시 에너지 기본 조례,2024-05-15,제9조,검토 필요,에너지이용 합리화법,제28조,내용변경,「에너지이용 합리화법」 제28조 개정 내용을 반영하여 이 조례 제9조을(를) 검토·정비
기업정책과,군포시 중소기업 육성자금 지원 조례,2020-09-29,제1조,검토 필요,중소기업기본법,제3조,내용변경,「중소기업기본법」 제3조 개정 내용을 반영하여 이 조례 제1조을(를) 검토·정비
기업정책과,군포시 중소기업 육성자금 지원 조례,2020-09-29,제2조,검토 필요,중소기업기본법,제2조,내용변경,「중소기업기본법」 제2조 개정 내용을 반영하여 이 조례 제2조을(를) 검토·정비
기업정책과,군포시 중소기업 육성자금 지원 조례,2020-09-29,제2조,검토 필요,산업집적활성화 및 공장 설립에 관한 법률,제16조,내용변경,「산업집적활성화 및 공장 설립에 관한 법률」 제16조 개정 내용을 반영하여 이 조례 제2조을(를) 검토·정비
기업정책과,군포시 중소기업 육성자금 지원 조례,2020-09-29,제13조,검토 필요,산업집적활성화 및 공장 설립에 관한 법률,제28조의2,내용변경,「산업집적활성화 및 공장 설립에 관한 법률」 제28조의2 개정 내용을 반영하여 이 조례 제13조을(를) 검토·정비
기업정책과,군포시 중소기업 육성자금 지원 조례 시행규칙,2020-09-29,제9조,검토 필요,중소기업기본법 시행령,제3조,내용변경,「중소기업기본법 시행령」 제3조 개정 내용을 반영하여 이 조례 제9조을(를) 검토·정비
기업정책과,군포시 필수노동자 보호 및 지원에 관한 조례,2023-05-01,제2조,검토 필요,재난 및 안전관리 기본법,제3조제1호,내용변경,「재난 및 안전관리 기본법」 제3조 개정 내용을 반영하여 이 조례 제2조을(를) 검토·정비
기획예산실,군포도시공사 설립 및 운영 조례,2026-01-07,제21조,검토 필요,지방공기업법,제2조,내용변경,「지방공기업법」 제2조 개정 내용을 반영하여 이 조례 제21조을(를) 검토·정비
기획예산실,군포시 공모사업 관리 조례,2024-05-15,제2조,검토 필요,공공기관의 운영에 관한 법률,제4조,내용변경,「공공기관의 운영에 관한 법률」 제4조 개정 내용을 반영하여 이 조례 제2조을(를) 검토·정비
기획예산실,군포시 납세자보호에 관한 사무처리 조례,2025-12-10,제1조,검토 필요,지방세기본법 시행령,제51조의2,내용변경,「지방세기본법 시행령」 제51조의2 개정 내용을 반영하여 이 조례 제1조을(를) 검토·정비
기획예산실,군포시 납세자보호에 관한 사무처리 조례,2025-12-10,제5조,검토 필요,지방공무원 임용령,제34조,내용변경,「지방공무원 임용령」 제34조 개정 내용을 반영하여 이 조례 제5조을(를) 검토·정비
기획예산실,군포시 납세자보호에 관한 사무처리 조례,2025-12-10,제6조,검토 필요,지방세기본법 시행령,제51조의2,내용변경,「지방세기본법 시행령」 제51조의2 개정 내용을 반영하여 이 조례 제6조을(를) 검토·정비
기획예산실,군포시 민간투자사업 심의위원회 설치ㆍ운영에 관한 조례,2025-10-10,제24조,검토 필요,지방자치단체를 당사자로 하는 계약에 관한 법률 시행령,제37조제2항,내용변경,「지방자치단체를 당사자로 하는 계약에 관한 법률 시행령」 제37조 개정 내용을 반영하여 이 조례 제24조을(를) 검토·정비
기획예산실,군포시 적극행정 운영 조례,2023-09-27,제3조,검토 필요,지방공무원 적극행정 운영규정,제10조제1항,내용변경,「지방공무원 적극행정 운영규정」 제10조 개정 내용을 반영하여 이 조례 제3조을(를) 검토·정비
기획예산실,군포시 적극행정 운영 조례,2023-09-27,제3조,검토 필요,지방공무원 적극행정 운영규정,제12조,내용변경,「지방공무원 적극행정 운영규정」 제12조 개정 내용을 반영하여 이 조례 제3조을(를) 검토·정비
기획예산실,군포시 적극행정 운영 조례,2023-09-27,제3조,검토 필요,지방공무원 적극행정 운영규정,제15조제6항,내용변경,「지방공무원 적극행정 운영규정」 제15조 개정 내용을 반영하여 이 조례 제3조을(를) 검토·정비
기획예산실,군포시 적극행정 운영 조례,2023-09-27,제3조,검토 필요,지방공무원 적극행정 운영규정,제17조제2항,내용변경,「지방공무원 적극행정 운영규정」 제17조 개정 내용을 반영하여 이 조례 제3조을(를) 검토·정비
기획예산실,군포시 적극행정 운영 조례,2023-09-27,제3조,검토 필요,지방공무원 적극행정 운영규정,제17조제3항,내용변경,「지방공무원 적극행정 운영규정」 제17조 개정 내용을 반영하여 이 조례 제3조을(를) 검토·정비
기획예산실,군포시 적극행정 운영 조례,2023-09-27,제10조,검토 필요,지방공무원 적극행정 운영규정,제6조,내용변경,「지방공무원 적극행정 운영규정」 제6조 개정 내용을 반영하여 이 조례 제10조을(를) 검토·정비
기획예산실,군포시 적극행정 운영 조례,2023-09-27,제12조,검토 필요,지방공무원 적극행정 운영규정,제13조제1항,내용변경,「지방공무원 적극행정 운영규정」 제13조 개정 내용을 반영하여 이 조례 제12조을(를) 검토·정비
기획예산실,군포시 적극행정 운영 조례,2023-09-27,제14조,검토 필요,지방공무원 적극행정 운영규정,제16조,내용변경,「지방공무원 적극행정 운영규정」 제16조 개정 내용을 반영하여 이 조례 제14조을(를) 검토·정비
기획예산실,군포시 지방보조금 관리 조례,2023-07-04,제9조,검토 필요,지방자치단체 보조금 관리에 관한 법률 시행령,제9조,내용변경,「지방자치단체 보조금 관리에 관한 법률 시행령」 제9조 개정 내용을 반영하여 이 조례 제9조을(를) 검토·정비
기획예산실,군포시장직 인수위원회 설치 및 운영 조례,2022-04-25,제5조,검토 필요,양성평등기본법,제21조,내용변경,「양성평등기본법」 제21조 개정 내용을 반영하여 이 조례 제5조을(를) 검토·정비
기획예산실,군포시장직 인수위원회 설치 및 운영 조례,2022-04-25,제5조,검토 필요,지방공무원법,제31조,내용변경,「지방공무원법」 제31조 개정 내용을 반영하여 이 조례 제5조을(를) 검토·정비
노인장애인과,군포시 공공시설 내 최적의 장애인관람석 지정설치ㆍ운영조례,2005-06-03,제2조,검토 필요,장애인복지법,제2조,내용변경,「장애인복지법」 제2조 개정 내용을 반영하여 이 조례 제2조을(를) 검토·정비
노인장애인과,군포시 노인복지문화 지원 조례,2025-10-10,제29조,검토 필요,5·18 민주유공자예우에 관한 법률,,제명변경,인용한 「5·18 민주유공자예우에 관한 법률」이(가) 현행 「5ㆍ18민주유공자예우 및 단체설립에 관한 법률」(으)로 제명변경(개칭·통폐합)됨 — 법령 자체가 바뀌었으니 인용 법령명을 현행화하고 관련 조문을 전면 검토. (조문번호·내용이 재편됐을 수 있어 개별 조문 비교는 생략) [개칭 아니면 인용 오기 확인]
노인장애인과,군포시 발달장애인 지원에 관한 조례,2018-03-13,제7조,검토 필요,장애인복지법,제35조,내용변경,「장애인복지법」 제35조 개정 내용을 반영하여 이 조례 제7조을(를) 검토·정비
노인장애인과,군포시 발달장애인 지원에 관한 조례,2018-03-13,제19조,검토 필요,장애인복지법,제58조,내용변경,「장애인복지법」 제58조 개정 내용을 반영하여 이 조례 제19조을(를) 검토·정비
노인장애인과,군포시 발달장애인 지원에 관한 조례,2018-03-13,제7조,검토 필요,발달장애인 권리보장 및 지원에 관한 법률,제18조,내용변경,「발달장애인 권리보장 및 지원에 관한 법률」 제18조 개정 내용을 반영하여 이 조례 제7조을(를) 검토·정비
노인장애인과,군포시 장애인ㆍ노인등 전동보조기기 보험 가입 및 지원 조례,2023-12-12,제2조,검토 필요,장애인복지법,제32조,내용변경,「장애인복지법」 제32조 개정 내용을 반영하여 이 조례 제2조을(를) 검토·정비
노인장애인과,군포시 장애인가족 지원 조례,2021-12-06,제6조,검토 필요,장애아동 복지지원법,제9조,내용변경,「장애아동 복지지원법」 제9조 개정 내용을 반영하여 이 조례 제6조을(를) 검토·정비
노인장애인과,군포시 장애인복지시설 운영 조례,2017-07-11,제1조,검토 필요,사회복지사업법,제34조,내용변경,「사회복지사업법」 제34조 개정 내용을 반영하여 이 조례 제1조을(를) 검토·정비
노인장애인과,군포시 장애인복지시설 운영 조례,2017-07-11,제1조,검토 필요,장애인복지법,제59조,내용변경,「장애인복지법」 제59조 개정 내용을 반영하여 이 조례 제1조을(를) 검토·정비
노인장애인과,군포시 장애인전용주차구역 관리에 관한 조례,2017-04-01,제3조,검토 필요,장애인·노인·임산부등의 편의증진 보장에 관한 법률,제17조,내용변경,「장애인·노인·임산부등의 편의증진 보장에 관한 법률」 제17조 개정 내용을 반영하여 이 조례 제3조을(를) 검토·정비
노인장애인과,군포시 중증장애인 자립생활 지원 조례,2018-01-05,제2조,검토 필요,장애인고용촉진 및 직업재활법,제2조제2호,내용변경,「장애인고용촉진 및 직업재활법」 제2조 개정 내용을 반영하여 이 조례 제2조을(를) 검토·정비
노인장애인과,군포시 중증장애인 자립생활 지원 조례,2018-01-05,제2조,검토 필요,장애인복지법,제55조,내용변경,「장애인복지법」 제55조 개정 내용을 반영하여 이 조례 제2조을(를) 검토·정비
노인장애인과,군포시 중증장애인 자립생활 지원 조례,2018-01-05,제17조,검토 필요,장애인복지법,제55조,내용변경,「장애인복지법」 제55조 개정 내용을 반영하여 이 조례 제17조을(를) 검토·정비
노인장애인과,군포시립노인요양센터 설치 및 운영 조례,2017-07-11,제4조,검토 필요,요양보험법,,제명변경,인용한 「요양보험법」이(가) 현행 「노인장기요양보험법」(으)로 제명변경(개칭·통폐합)됨 — 법령 자체가 바뀌었으니 인용 법령명을 현행화하고 관련 조문을 전면 검토. (조문번호·내용이 재편됐을 수 있어 개별 조문 비교는 생략) [개칭 아니면 인용 오기 확인]
노인장애인과,군포시립노인요양센터 설치 및 운영 조례,2017-07-11,제5조,검토 필요,요양보험법,,제명변경,인용한 「요양보험법」이(가) 현행 「노인장기요양보험법」(으)로 제명변경(개칭·통폐합)됨 — 법령 자체가 바뀌었으니 인용 법령명을 현행화하고 관련 조문을 전면 검토. (조문번호·내용이 재편됐을 수 있어 개별 조문 비교는 생략) [개칭 아니면 인용 오기 확인]
노인장애인과,군포시립노인요양센터 설치 및 운영 조례,2017-07-11,제6조,검토 필요,요양보험법,,제명변경,인용한 「요양보험법」이(가) 현행 「노인장기요양보험법」(으)로 제명변경(개칭·통폐합)됨 — 법령 자체가 바뀌었으니 인용 법령명을 현행화하고 관련 조문을 전면 검토. (조문번호·내용이 재편됐을 수 있어 개별 조문 비교는 생략) [개칭 아니면 인용 오기 확인]
노인장애인과,군포시립노인요양센터 설치 및 운영 조례,2017-07-11,제7조,검토 필요,요양보험법,,제명변경,인용한 「요양보험법」이(가) 현행 「노인장기요양보험법」(으)로 제명변경(개칭·통폐합)됨 — 법령 자체가 바뀌었으니 인용 법령명을 현행화하고 관련 조문을 전면 검토. (조문번호·내용이 재편됐을 수 있어 개별 조문 비교는 생략) [개칭 아니면 인용 오기 확인]
노인장애인과,군포시립노인요양센터 설치 및 운영 조례,2017-07-11,제15조,검토 필요,요양보험법,,제명변경,인용한 「요양보험법」이(가) 현행 「노인장기요양보험법」(으)로 제명변경(개칭·통폐합)됨 — 법령 자체가 바뀌었으니 인용 법령명을 현행화하고 관련 조문을 전면 검토. (조문번호·내용이 재편됐을 수 있어 개별 조문 비교는 생략) [개칭 아니면 인용 오기 확인]
노인장애인과,군포시립노인요양센터 설치 및 운영 조례,2017-07-11,제6조,검토 필요,요양보험법 시행규칙,,제명변경,인용한 「요양보험법 시행규칙」이(가) 현행 「노인장기요양보험법 시행규칙」(으)로 제명변경(개칭·통폐합)됨 — 법령 자체가 바뀌었으니 인용 법령명을 현행화하고 관련 조문을 전면 검토. (조문번호·내용이 재편됐을 수 있어 개별 조문 비교는 생략) [개칭 아니면 인용 오기 확인]
노인장애인과,군포시립노인요양센터 설치 및 운영 조례,2017-07-11,제2조,검토 필요,노인장기요양보험법,제15조,내용변경,「노인장기요양보험법」 제15조 개정 내용을 반영하여 이 조례 제2조을(를) 검토·정비
노인장애인과,군포시립노인요양센터 설치 및 운영 조례,2017-07-11,제2조,검토 필요,노인장기요양보험법,제23조,내용변경,「노인장기요양보험법」 제23조 개정 내용을 반영하여 이 조례 제2조을(를) 검토·정비
노인장애인과,군포시립노인요양센터 설치 및 운영 조례,2017-07-11,제8조,검토 필요,사회복지사업법,제34조제4항,내용변경,「사회복지사업법」 제34조 개정 내용을 반영하여 이 조례 제8조을(를) 검토·정비
노인장애인과,군포시립노인요양센터 설치 및 운영 조례,2017-07-11,제8조,검토 필요,사회복지사업법 시행규칙,제21조,내용변경,「사회복지사업법 시행규칙」 제21조 개정 내용을 반영하여 이 조례 제8조을(를) 검토·정비
노인장애인과,군포시립노인요양센터 설치 및 운영 조례,2017-07-11,제9조,검토 필요,사회복지사업법 시행규칙,제21조의2,내용변경,「사회복지사업법 시행규칙」 제21조의2 개정 내용을 반영하여 이 조례 제9조을(를) 검토·정비
노인장애인과,군포시립노인요양센터 설치 및 운영 조례,2017-07-11,제14조,검토 필요,보조금의 예산 및 관리에 관한 법률,,제명변경,인용한 「보조금의 예산 및 관리에 관한 법률」이(가) 현행 「보조금 관리에 관한 법률」(으)로 제명변경(개칭·통폐합)됨 — 법령 자체가 바뀌었으니 인용 법령명을 현행화하고 관련 조문을 전면 검토. (조문번호·내용이 재편됐을 수 있어 개별 조문 비교는 생략) [개칭 아니면 인용 오기 확인]
도시개발과,군포시 공동주택 리모델링 지원에 관한 조례,2023-01-09,제2조,검토 필요,주택법,제49조,,「주택법」 제49조 변경 사항을 검토하여 이 조례 제2조 정비
도시개발과,군포시 공동주택 리모델링 지원에 관한 조례,2023-01-09,제2조,검토 필요,건축법,제22조,내용변경,「건축법」 제22조 개정 내용을 반영하여 이 조례 제2조을(를) 검토·정비
도시개발과,군포시 공동주택 리모델링 지원에 관한 조례,2023-01-09,제4조,검토 필요,부동산 가격공시 및 감정평가에 관한 법률,,제명변경,인용한 「부동산 가격공시 및 감정평가에 관한 법률」이(가) 현행 「부동산 가격공시에 관한 법률」(으)로 제명변경(개칭·통폐합)됨 — 법령 자체가 바뀌었으니 인용 법령명을 현행화하고 관련 조문을 전면 검토. (조문번호·내용이 재편됐을 수 있어 개별 조문 비교는 생략) [개칭 아니면 인용 오기 확인]
도시개발과,군포시 도시개발 조례,2023-09-27,제8조,검토 필요,지방세법,제112조,내용변경,「지방세법」 제112조 개정 내용을 반영하여 이 조례 제8조을(를) 검토·정비
도시개발과,군포시 도시개발 조례,2023-09-27,제4조,검토 필요,도시개발법시행령,제11조,내용변경,「도시개발법시행령」 제11조 개정 내용을 반영하여 이 조례 제4조을(를) 검토·정비
도시개발과,군포시 도시개발 조례,2023-09-27,제4조,검토 필요,도시개발법시행령,제11조제2항,내용변경,「도시개발법시행령」 제11조 개정 내용을 반영하여 이 조례 제4조을(를) 검토·정비
도시개발과,군포시 도시재생 활성화 및 지원에 관한 조례,2026-01-07,제19조,검토 필요,도시재생 활성화 및 지원에 관한 특별법,제27조,내용변경,「도시재생 활성화 및 지원에 관한 특별법」 제27조 개정 내용을 반영하여 이 조례 제19조을(를) 검토·정비
도시계획과,군포시 공공디자인 진흥 조례,2022-08-12,제2조,검토 필요,공공기관의 운영에 관한 법률,제4조,내용변경,「공공기관의 운영에 관한 법률」 제4조 개정 내용을 반영하여 이 조례 제2조을(를) 검토·정비
도시계획과,군포시 공공디자인 진흥 조례,2022-08-12,제6조,검토 필요,공공디자인의 진흥에 관한 법률,제6조,내용변경,「공공디자인의 진흥에 관한 법률」 제6조 개정 내용을 반영하여 이 조례 제6조을(를) 검토·정비
도시계획과,군포시 도시계획 조례,2025-10-10,제40조,검토 필요,군사시설보호법,,제명변경,인용한 「군사시설보호법」이(가) 현행 「군사기지 및 군사시설 보호법」(으)로 제명변경(개칭·통폐합)됨 — 법령 자체가 바뀌었으니 인용 법령명을 현행화하고 관련 조문을 전면 검토. (조문번호·내용이 재편됐을 수 있어 개별 조문 비교는 생략) [개칭 아니면 인용 오기 확인]
도시계획과,군포시 도시계획 조례,2025-10-10,제40조,검토 필요,전기설비기준,,제명변경,인용한 「전기설비기준」이(가) 현행 「방송통신설비의 기술기준에 관한 규정」(으)로 제명변경(개칭·통폐합)됨 — 법령 자체가 바뀌었으니 인용 법령명을 현행화하고 관련 조문을 전면 검토. (조문번호·내용이 재편됐을 수 있어 개별 조문 비교는 생략) [개칭 아니면 인용 오기 확인]
도시환경과,군포시 농업생산기반시설의 사용허가 사용료 징수 조례,2020-09-29,제1조,검토 필요,농어촌정비법,제23조,내용변경,「농어촌정비법」 제23조 개정 내용을 반영하여 이 조례 제1조을(를) 검토·정비
도시환경과,군포시 농업생산기반시설의 사용허가 사용료 징수 조례,2020-09-29,제1조,검토 필요,농어촌정비법 시행령,제32조,내용변경,「농어촌정비법 시행령」 제32조 개정 내용을 반영하여 이 조례 제1조을(를) 검토·정비
도시환경과,군포시 농업생산기반시설의 사용허가 사용료 징수 조례,2020-09-29,제3조,검토 필요,감정평가 및 감정평가사에 관한 법률,제3조,내용변경,「감정평가 및 감정평가사에 관한 법률」 제3조 개정 내용을 반영하여 이 조례 제3조을(를) 검토·정비
도시환경과,군포시 먹거리 보장 기본 조례,2023-12-12,제1조,검토 필요,농업·농촌 및 식품산업 기본법,제23조의3,내용변경,「농업·농촌 및 식품산업 기본법」 제23조의3 개정 내용을 반영하여 이 조례 제1조을(를) 검토·정비
도시환경과,군포시 먹거리 보장 기본 조례,2023-12-12,제6조,검토 필요,농업·농촌 및 식품산업 기본법,제23조의3제1항,내용변경,「농업·농촌 및 식품산업 기본법」 제23조의3 개정 내용을 반영하여 이 조례 제6조을(를) 검토·정비
도시환경과,군포시 먹거리 보장 기본 조례,2023-12-12,제8조,검토 필요,농업·농촌 및 식품산업 기본법,제23조의3제2항,내용변경,「농업·농촌 및 식품산업 기본법」 제23조의3 개정 내용을 반영하여 이 조례 제8조을(를) 검토·정비
문화예술과,군포시 관광 진흥 조례,2021-04-26,제2조,검토 필요,관광진흥법,제2조,내용변경,「관광진흥법」 제2조 개정 내용을 반영하여 이 조례 제2조을(를) 검토·정비
문화예술과,군포시 국어 바르게 쓰기 조례,2021-04-26,제6조,검토 필요,국어기본법,제14조,내용변경,「국어기본법」 제14조 개정 내용을 반영하여 이 조례 제6조을(를) 검토·정비
문화예술과,군포시 노래연습장업자 교육에 관한 조례,2021-07-01,제1조,검토 필요,음악산업진흥에 관한 법률,제11조,내용변경,「음악산업진흥에 관한 법률」 제11조 개정 내용을 반영하여 이 조례 제1조을(를) 검토·정비
문화예술과,군포시 노래연습장업자 교육에 관한 조례,2021-07-01,제2조,검토 필요,음악산업진흥에 관한 법률,제11조,내용변경,「음악산업진흥에 관한 법률」 제11조 개정 내용을 반영하여 이 조례 제2조을(를) 검토·정비
문화예술과,군포시 노래연습장업자 교육에 관한 조례,2021-07-01,제3조,검토 필요,음악산업진흥에 관한 법률,제11조,내용변경,「음악산업진흥에 관한 법률」 제11조 개정 내용을 반영하여 이 조례 제3조을(를) 검토·정비
문화예술과,군포시 노래연습장업자 교육에 관한 조례,2021-07-01,제4조,검토 필요,음악산업진흥에 관한 법률,제32조제2항,내용변경,「음악산업진흥에 관한 법률」 제32조 개정 내용을 반영하여 이 조례 제4조을(를) 검토·정비
문화예술과,군포시 노래연습장업자 교육에 관한 조례,2021-07-01,제10조,검토 필요,음악산업진흥에 관한 법률,제36조,내용변경,「음악산업진흥에 관한 법률」 제36조 개정 내용을 반영하여 이 조례 제10조을(를) 검토·정비
문화예술과,군포시 문화도시 조성 및 지원 조례,2021-09-30,제11조,검토 필요,지역문화진흥법,제6조,내용변경,「지역문화진흥법」 제6조 개정 내용을 반영하여 이 조례 제11조을(를) 검토·정비
문화예술과,군포시 문화예술회관 운영 조례,2023-12-12,제12조,검토 필요,소방시설설치유지 및 안전관리에 관한 법률,,제명변경,인용한 「소방시설설치유지 및 안전관리에 관한 법률」이(가) 현행 「소방시설 설치 및 관리에 관한 법률」(으)로 제명변경(개칭·통폐합)됨 — 법령 자체가 바뀌었으니 인용 법령명을 현행화하고 관련 조문을 전면 검토. (조문번호·내용이 재편됐을 수 있어 개별 조문 비교는 생략) [개칭 아니면 인용 오기 확인]
문화예술과,군포시 생활문화센터 설치 및 운영 조례,2021-07-01,제4조,검토 필요,관공서의 공휴일에 관한 규정,제2조,내용변경,「관공서의 공휴일에 관한 규정」 제2조 개정 내용을 반영하여 이 조례 제4조을(를) 검토·정비
문화예술과,군포시 시립예술단체 구성 및 운영 조례 시행규칙,2021-07-01,제6조,검토 필요,공무원임용시험령,제34조,내용변경,「공무원임용시험령」 제34조 개정 내용을 반영하여 이 조례 제6조을(를) 검토·정비
문화예술과,군포시 예술인 기회소득 지급에 관한 조례,2023-07-04,제2조,검토 필요,예술인 복지법,제2조제2호,내용변경,「예술인 복지법」 제2조 개정 내용을 반영하여 이 조례 제2조을(를) 검토·정비
문화예술과,군포시 예술인 기회소득 지급에 관한 조례,2023-07-04,제5조,검토 필요,예술인 복지법,제8조,내용변경,「예술인 복지법」 제8조 개정 내용을 반영하여 이 조례 제5조을(를) 검토·정비
문화예술과,군포시 장애예술인 문화예술 활동 지원 조례,2022-12-14,제2조,검토 필요,문화예술진흥법,제2조제1항제1호,내용변경,「문화예술진흥법」 제2조 개정 내용을 반영하여 이 조례 제2조을(를) 검토·정비
문화예술과,군포시 지명위원회 조례,2024-01-08,제1조,검토 필요,공간정보의 구축 및 관리 등에 관한 법률 시행령,제88조의2,내용변경,「공간정보의 구축 및 관리 등에 관한 법률 시행령」 제88조의2 개정 내용을 반영하여 이 조례 제1조을(를) 검토·정비
민원봉사과,군포시 민원사무착오 및 지체보상에 관한 조례,2023-07-04,제3조,검토 필요,민원사무처리에 관한 법률 시행령,,제명변경,인용한 「민원사무처리에 관한 법률 시행령」이(가) 현행 「민원 처리에 관한 법률 시행령」(으)로 제명변경(개칭·통폐합)됨 — 법령 자체가 바뀌었으니 인용 법령명을 현행화하고 관련 조문을 전면 검토. (조문번호·내용이 재편됐을 수 있어 개별 조문 비교는 생략) [개칭 아니면 인용 오기 확인]
민원봉사과,군포시 민원사무착오 및 지체보상에 관한 조례,2023-07-04,제9조,검토 필요,국가배상법,제2조,내용변경,「국가배상법」 제2조 개정 내용을 반영하여 이 조례 제9조을(를) 검토·정비 (덧붙여 「국가배상법」처럼 꺽쇠 서식으로 정정)
민원봉사과,군포시 민원실의 설치 및 운영에 관한 조례,2023-03-16,제5조,검토 필요,관공서의 공휴일에 관한 규정,제2조,내용변경,「관공서의 공휴일에 관한 규정」 제2조 개정 내용을 반영하여 이 조례 제5조을(를) 검토·정비
민원봉사과,군포시 민원실의 설치 및 운영에 관한 조례,2023-03-16,제5조,검토 필요,관공서의 공휴일에 관한 규정,제3조,내용변경,「관공서의 공휴일에 관한 규정」 제3조 개정 내용을 반영하여 이 조례 제5조을(를) 검토·정비
민원봉사과,군포시 주민등록사무의 동 위임 조례,2012-12-05,제1조,검토 필요,주민등록법,제2조제2항,내용변경,「주민등록법」 제2조 개정 내용을 반영하여 이 조례 제1조을(를) 검토·정비 (덧붙여 「주민등록법」처럼 꺽쇠 서식으로 정정)
민원봉사과,군포시 주소정보 등에 관한 조례,2024-05-15,제16조,검토 필요,도로명주소법,제33조제2항,내용변경,「도로명주소법」 제33조 개정 내용을 반영하여 이 조례 제16조을(를) 검토·정비
민원봉사과,군포시 주소정보 등에 관한 조례,2024-05-15,제16조,검토 필요,도로명주소법 시행령,제64조,내용변경,「도로명주소법 시행령」 제64조 개정 내용을 반영하여 이 조례 제16조을(를) 검토·정비
민원봉사과,군포시 지적재조사위원회 등 구성 및 운영에 관한 조례,2020-09-29,제2조,검토 필요,측량ㆍ수로조사 및 지적에 관한 법률,,제명변경,인용한 「측량ㆍ수로조사 및 지적에 관한 법률」이(가) 현행 「공간정보의 구축 및 관리 등에 관한 법률」(으)로 제명변경(개칭·통폐합)됨 — 법령 자체가 바뀌었으니 인용 법령명을 현행화하고 관련 조문을 전면 검토. (조문번호·내용이 재편됐을 수 있어 개별 조문 비교는 생략) [개칭 아니면 인용 오기 확인]
민원봉사과,군포시 지적재조사위원회 등 구성 및 운영에 관한 조례,2020-09-29,제1조,검토 필요,지적재조사에 관한 특별법,제30조,내용변경,「지적재조사에 관한 특별법」 제30조 개정 내용을 반영하여 이 조례 제1조을(를) 검토·정비
민원봉사과,군포시 지적재조사위원회 등 구성 및 운영에 관한 조례,2020-09-29,제1조,검토 필요,지적재조사에 관한 특별법,제32조,내용변경,「지적재조사에 관한 특별법」 제32조 개정 내용을 반영하여 이 조례 제1조을(를) 검토·정비
민원봉사과,군포시 지적재조사위원회 등 구성 및 운영에 관한 조례,2020-09-29,제11조,검토 필요,지적재조사에 관한 특별법,제13조,내용변경,「지적재조사에 관한 특별법」 제13조 개정 내용을 반영하여 이 조례 제11조을(를) 검토·정비 (덧붙여 약칭 앞 띄어쓰기 정정)
민원봉사과,군포시 지적재조사위원회 등 구성 및 운영에 관한 조례,2020-09-29,제3조,검토 필요,지적재조사에 관한 특별법,제12조,내용변경,「지적재조사에 관한 특별법」 제12조 개정 내용을 반영하여 이 조례 제3조을(를) 검토·정비
민원봉사과,군포시 지적재조사위원회 등 구성 및 운영에 관한 조례,2020-09-29,제3조,검토 필요,지적재조사에 관한 특별법,제19조,내용변경,「지적재조사에 관한 특별법」 제19조 개정 내용을 반영하여 이 조례 제3조을(를) 검토·정비
민원봉사과,군포시 지적재조사위원회 등 구성 및 운영에 관한 조례,2020-09-29,제3조,검토 필요,지적재조사에 관한 특별법,제20조,내용변경,「지적재조사에 관한 특별법」 제20조 개정 내용을 반영하여 이 조례 제3조을(를) 검토·정비
보건행정과,군포시 감염병 예방 및 관리에 관한 조례,2020-09-29,제5조,검토 필요,의료법,,제명변경,인용한 「의료법」이(가) 현행 「공공보건의료에 관한 법률」(으)로 제명변경(개칭·통폐합)됨 — 법령 자체가 바뀌었으니 인용 법령명을 현행화하고 관련 조문을 전면 검토. (조문번호·내용이 재편됐을 수 있어 개별 조문 비교는 생략) [개칭 아니면 인용 오기 확인]
보건행정과,군포시 감염병 예방 및 관리에 관한 조례,2020-09-29,제2조,검토 필요,감염병의 예방 및 관리에 관한 법률,제2조,내용변경,「감염병의 예방 및 관리에 관한 법률」 제2조 개정 내용을 반영하여 이 조례 제2조을(를) 검토·정비
보건행정과,군포시 감염병 예방 및 관리에 관한 조례,2020-09-29,제12조,검토 필요,감염병의 예방 및 관리에 관한 법률,제36조,내용변경,「감염병의 예방 및 관리에 관한 법률」 제36조 개정 내용을 반영하여 이 조례 제12조을(를) 검토·정비
보건행정과,군포시 보건소 지역보건의료사업의 업무대행에 관한 조례,2018-10-08,제2조,검토 필요,의료법,,제명변경,인용한 「의료법」이(가) 현행 「공공보건의료에 관한 법률」(으)로 제명변경(개칭·통폐합)됨 — 법령 자체가 바뀌었으니 인용 법령명을 현행화하고 관련 조문을 전면 검토. (조문번호·내용이 재편됐을 수 있어 개별 조문 비교는 생략) [개칭 아니면 인용 오기 확인]
보건행정과,군포시 보건소 지역보건의료사업의 업무대행에 관한 조례,2018-10-08,제1조,검토 필요,지역보건법,제30조,내용변경,「지역보건법」 제30조 개정 내용을 반영하여 이 조례 제1조을(를) 검토·정비
보건행정과,군포시 보건소 지역보건의료사업의 업무대행에 관한 조례,2018-10-08,제1조,검토 필요,지역보건법 시행령,제23조,내용변경,「지역보건법 시행령」 제23조 개정 내용을 반영하여 이 조례 제1조을(를) 검토·정비
보건행정과,군포시 보건소 지역보건의료사업의 업무대행에 관한 조례,2018-10-08,제2조,검토 필요,지역보건법 시행령,제23조제2항,내용변경,「지역보건법 시행령」 제23조 개정 내용을 반영하여 이 조례 제2조을(를) 검토·정비
보건행정과,군포시 보건소 지역보건의료사업의 업무대행에 관한 조례 시행규칙,2018-10-08,제2조,검토 필요,의료법,,제명변경,인용한 「의료법」이(가) 현행 「공공보건의료에 관한 법률」(으)로 제명변경(개칭·통폐합)됨 — 법령 자체가 바뀌었으니 인용 법령명을 현행화하고 관련 조문을 전면 검토. (조문번호·내용이 재편됐을 수 있어 개별 조문 비교는 생략) [개칭 아니면 인용 오기 확인]
보건행정과,군포시 소아청소년과 야간ㆍ휴일 일차의료기관 지정 및 지원에 관한 조례,2025-12-10,제2조,검토 필요,관공서의 공휴일에 관한 규정,제2조,내용변경,「관공서의 공휴일에 관한 규정」 제2조 개정 내용을 반영하여 이 조례 제2조을(를) 검토·정비
보건행정과,군포시 소아청소년과 야간ㆍ휴일 일차의료기관 지정 및 지원에 관한 조례,2025-12-10,제2조,검토 필요,관공서의 공휴일에 관한 규정,제3조,내용변경,「관공서의 공휴일에 관한 규정」 제3조 개정 내용을 반영하여 이 조례 제2조을(를) 검토·정비
보건행정과,군포시 시민건강관리 기본 조례,2018-10-08,제5조,검토 필요,지역보건법,제7조제1항,내용변경,「지역보건법」 제7조 개정 내용을 반영하여 이 조례 제5조을(를) 검토·정비
보건행정과,군포시 시민건강관리 기본 조례,2018-10-08,제7조,검토 필요,국민건강증진법,제6조,내용변경,「국민건강증진법」 제6조 개정 내용을 반영하여 이 조례 제7조을(를) 검토·정비 (덧붙여 「국민건강증진법」처럼 꺽쇠 서식으로 정정)
보건행정과,군포시 시민건강관리 기본 조례,2018-10-08,제21조,검토 필요,국민건강증진법,제19조,내용변경,「국민건강증진법」 제19조 개정 내용을 반영하여 이 조례 제21조을(를) 검토·정비
보건행정과,군포시 장기등 및 인체조직 기증 장려에 관한 조례,2023-07-04,제2조,검토 필요,장기등 이식에 관한 법률,제14조,내용변경,「장기등 이식에 관한 법률」 제14조 개정 내용을 반영하여 이 조례 제2조을(를) 검토·정비
보건행정과,군포시 정신건강복지센터 설치 및 운영 조례,2017-09-29,제1조,검토 필요,정신건강증진 및 정신질환자 복지서비스 지원에 관한 법률,제15조,내용변경,「정신건강증진 및 정신질환자 복지서비스 지원에 관한 법률」 제15조 개정 내용을 반영하여 이 조례 제1조을(를) 검토·정비
보건행정과,군포시 정신건강복지센터 설치 및 운영 조례,2017-09-29,제1조,검토 필요,지역보건법,제11조,내용변경,「지역보건법」 제11조 개정 내용을 반영하여 이 조례 제1조을(를) 검토·정비
보건행정과,군포시 한의약 육성을 위한 조례,2022-04-25,제9조,검토 필요,한의약 육성법,제16조,내용변경,「한의약 육성법」 제16조 개정 내용을 반영하여 이 조례 제9조을(를) 검토·정비
보건행정과,군포시 헌혈 권장 조례,2020-09-29,제1조,검토 필요,혈액관리법 시행령,제2조제2항,내용변경,「혈액관리법 시행령」 제2조 개정 내용을 반영하여 이 조례 제1조을(를) 검토·정비
보건행정과,군포시 헌혈 권장 조례,2020-09-29,제2조,검토 필요,혈액관리법,제4조,내용변경,「혈액관리법」 제4조 개정 내용을 반영하여 이 조례 제2조을(를) 검토·정비
보건행정과,군포시 헌혈 권장 조례,2020-09-29,제2조,검토 필요,혈액관리법 시행령,제2조제2항,내용변경,「혈액관리법 시행령」 제2조 개정 내용을 반영하여 이 조례 제2조을(를) 검토·정비
보건행정과,군포시 헌혈 권장 조례,2020-09-29,제7조,검토 필요,혈액관리법,제4조의4,내용변경,「혈액관리법」 제4조의4 개정 내용을 반영하여 이 조례 제7조을(를) 검토·정비
보건행정과,군포시 희귀질환 관리 및 지원에 관한 조례,2024-12-10,제3조,검토 필요,의료법,,제명변경,인용한 「의료법」이(가) 현행 「공공보건의료에 관한 법률」(으)로 제명변경(개칭·통폐합)됨 — 법령 자체가 바뀌었으니 인용 법령명을 현행화하고 관련 조문을 전면 검토. (조문번호·내용이 재편됐을 수 있어 개별 조문 비교는 생략) [개칭 아니면 인용 오기 확인]
복지정책과,군포시 3ㆍ31독립만세운동 기념에 관한 조례,2021-09-30,제1조,검토 필요,국가보훈 기본법,제23조,내용변경,「국가보훈 기본법」 제23조 개정 내용을 반영하여 이 조례 제1조을(를) 검토·정비
복지정책과,군포시 국가보훈대상자 등 예우 및 지원에 관한 조례,2024-10-02,제4조,검토 필요,5·18민주유공자예우에 관한 법률,,제명변경,인용한 「5·18민주유공자예우에 관한 법률」이(가) 현행 「5ㆍ18민주유공자예우 및 단체설립에 관한 법률」(으)로 제명변경(개칭·통폐합)됨 — 법령 자체가 바뀌었으니 인용 법령명을 현행화하고 관련 조문을 전면 검토. (조문번호·내용이 재편됐을 수 있어 개별 조문 비교는 생략) [개칭 아니면 인용 오기 확인]
복지정책과,군포시 보훈회관 설치ㆍ운영 조례,2020-05-11,제2조,검토 필요,국가유공자 등 예우 및 지원에 관한 법률,제4조,내용변경,「국가유공자 등 예우 및 지원에 관한 법률」 제4조 개정 내용을 반영하여 이 조례 제2조을(를) 검토·정비
복지정책과,군포시 사회복지사 등의 처우 및 지위 향상에 관한 조례,2023-01-09,제2조,검토 필요,사회복지사업법,제2조,내용변경,「사회복지사업법」 제2조 개정 내용을 반영하여 이 조례 제2조을(를) 검토·정비
복지정책과,군포시 의사상자 예우 및 지원에 관한 조례,2024-05-15,제3조,검토 필요,내에서법,,제명변경,인용한 「내에서법」이(가) 현행 「공군 20전투비행단 이예람 중사 사망 사건 관련 군 내 성폭력 및 2차 피해 등의 진상규명을 위한 특별검사 임명 등에 관한 법률」(으)로 제명변경(개칭·통폐합)됨 — 법령 자체가 바뀌었으니 인용 법령명을 현행화하고 관련 조문을 전면 검토. (조문번호·내용이 재편됐을 수 있어 개별 조문 비교는 생략) [개칭 아니면 인용 오기 확인]
복지정책과,군포시 의사상자 예우 및 지원에 관한 조례,2024-05-15,제4조,검토 필요,의사상자 등 예우 및 지원에 관한 법률,제8조,내용변경,「의사상자 등 예우 및 지원에 관한 법률」 제8조 개정 내용을 반영하여 이 조례 제4조을(를) 검토·정비 (덧붙여 약칭 앞 띄어쓰기 정정)
산본보건지소,군포시 건전한 음주문화 환경조성 및 지원에 관한 조례,2024-07-09,제1조,검토 필요,국민건강증진법,제8조,내용변경,「국민건강증진법」 제8조 개정 내용을 반영하여 이 조례 제1조을(를) 검토·정비
산본보건지소,군포시 건전한 음주문화 환경조성 및 지원에 관한 조례,2024-07-09,제4조,검토 필요,어린이놀이시설 안전관리법,제2조제2호,내용변경,「어린이놀이시설 안전관리법」 제2조 개정 내용을 반영하여 이 조례 제4조을(를) 검토·정비
산본보건지소,군포시 걷기 활성화 지원에 관한 조례,2019-12-31,제1조,검토 필요,국민건강증진법,제6조제1항,내용변경,「국민건강증진법」 제6조 개정 내용을 반영하여 이 조례 제1조을(를) 검토·정비
산본보건지소,군포시 금연환경 조성 및 간접흡연 피해방지 조례 시행규칙,2015-05-22,제5조,검토 필요,국민건강증진법 시행령,제16조의4,내용변경,「국민건강증진법 시행령」 제16조의4 개정 내용을 반영하여 이 조례 제5조을(를) 검토·정비
산본보건지소,군포시 모유수유시설 설치 및 지원에 관한 조례,2015-12-31,제1조,검토 필요,모자보건법,제3조,내용변경,「모자보건법」 제3조 개정 내용을 반영하여 이 조례 제1조을(를) 검토·정비
산본보건지소,군포시 모유수유시설 설치 및 지원에 관한 조례,2015-12-31,제1조,검토 필요,모자보건법,제10조의3,내용변경,「모자보건법」 제10조의3 개정 내용을 반영하여 이 조례 제1조을(를) 검토·정비
산본보건지소,군포시 모유수유시설 설치 및 지원에 관한 조례,2015-12-31,제1조,검토 필요,양성평등기본법,제25조,내용변경,「양성평등기본법」 제25조 개정 내용을 반영하여 이 조례 제1조을(를) 검토·정비
산본보건지소,군포시 응급의료 지원에 관한 조례,2019-07-09,제5조,검토 필요,응급의료에 관한 법률,제47조의2,내용변경,「응급의료에 관한 법률」 제47조의2 개정 내용을 반영하여 이 조례 제5조을(를) 검토·정비
산본보건지소,군포시 응급의료 지원에 관한 조례,2019-07-09,제8조,검토 필요,응급의료에관한 법률,제14조제1항,내용변경,「응급의료에관한 법률」 제14조 개정 내용을 반영하여 이 조례 제8조을(를) 검토·정비
산본보건지소,군포시 한방난임치료 지원에 관한 조례,2022-04-25,제1조,검토 필요,모자보건법,제11조,내용변경,「모자보건법」 제11조 개정 내용을 반영하여 이 조례 제1조을(를) 검토·정비
산본보건지소,군포시 한방난임치료 지원에 관한 조례,2022-04-25,제1조,검토 필요,저출산·고령사회기본법,제10조,내용변경,「저출산·고령사회기본법」 제10조 개정 내용을 반영하여 이 조례 제1조을(를) 검토·정비
생태공원녹지과,군포시 도시공원 및 녹지 등에 관한 조례,2020-09-29,제12조,검토 필요,도시공원 및 녹지 등에 관한 법률,제2조제4호,내용변경,「도시공원 및 녹지 등에 관한 법률」 제2조 개정 내용을 반영하여 이 조례 제12조을(를) 검토·정비
생태공원녹지과,군포시 도시숲 등의 조성 및 관리에 관한 조례,2025-10-10,제5조,검토 필요,산림조합법,제46조,내용변경,「산림조합법」 제46조 개정 내용을 반영하여 이 조례 제5조을(를) 검토·정비
생태공원녹지과,군포시 모두의놀이터 설치 및 관리에 관한 조례,2024-03-19,제4조,검토 필요,어린이놀이시설 안전관리법,제2조제2호,내용변경,「어린이놀이시설 안전관리법」 제2조 개정 내용을 반영하여 이 조례 제4조을(를) 검토·정비
생태공원녹지과,군포시 산사태취약지역지정위원회 설치 및 운영에 관한 조례,2018-03-13,제1조,검토 필요,산림보호법,제45조,내용변경,「산림보호법」 제45조 개정 내용을 반영하여 이 조례 제1조을(를) 검토·정비
생태공원녹지과,군포시 산사태취약지역지정위원회 설치 및 운영에 관한 조례,2018-03-13,제1조,검토 필요,산림보호법 시행령,제32조의7,내용변경,「산림보호법 시행령」 제32조의7 개정 내용을 반영하여 이 조례 제1조을(를) 검토·정비
생태공원녹지과,군포시 주민참여형 어린이놀이터 조성 및 운영에 관한 조례,2020-09-29,제2조,검토 필요,어린이놀이시설 안전관리법,제2조제2호,내용변경,「어린이놀이시설 안전관리법」 제2조 개정 내용을 반영하여 이 조례 제2조을(를) 검토·정비
생태공원녹지과,군포시 주민참여형 어린이놀이터 조성 및 운영에 관한 조례,2020-09-29,제2조,검토 필요,도시공원 및 녹지 등에 관한 법률,제2조제3호,내용변경,「도시공원 및 녹지 등에 관한 법률」 제2조 개정 내용을 반영하여 이 조례 제2조을(를) 검토·정비
생태공원녹지과,군포시 주민참여형 어린이놀이터 조성 및 운영에 관한 조례,2020-09-29,제2조,검토 필요,도시공원 및 녹지 등에 관한 법률,제15조제1항,내용변경,「도시공원 및 녹지 등에 관한 법률」 제15조 개정 내용을 반영하여 이 조례 제2조을(를) 검토·정비
생태공원녹지과,군포시 초막골생태공원 운영 및 관리 조례,2023-12-12,제17조,검토 필요,장애인복지법,제32조,내용변경,「장애인복지법」 제32조 개정 내용을 반영하여 이 조례 제17조을(를) 검토·정비
생태공원녹지과,군포시 초막골생태공원 운영 및 관리 조례,2023-12-12,제17조,검토 필요,한부모가족지원법 시행규칙,제3조,내용변경,「한부모가족지원법 시행규칙」 제3조 개정 내용을 반영하여 이 조례 제17조을(를) 검토·정비
생태공원녹지과,군포시 초막골생태공원 운영 및 관리 조례,2023-12-12,제17조,검토 필요,대기환경보전법,제58조,내용변경,「대기환경보전법」 제58조 개정 내용을 반영하여 이 조례 제17조을(를) 검토·정비
세원관리과,군포시 금고의 지정 및 운영에 관한 조례,2020-09-29,제1조,검토 필요,지방회계법 시행령,제48조,내용변경,「지방회계법 시행령」 제48조 개정 내용을 반영하여 이 조례 제1조을(를) 검토·정비
세원관리과,군포시 수수료 징수 조례,2022-01-13,제7조,검토 필요,5·18민주유공자예우에 관한 법률,,제명변경,인용한 「5·18민주유공자예우에 관한 법률」이(가) 현행 「5ㆍ18민주유공자예우 및 단체설립에 관한 법률」(으)로 제명변경(개칭·통폐합)됨 — 법령 자체가 바뀌었으니 인용 법령명을 현행화하고 관련 조문을 전면 검토. (조문번호·내용이 재편됐을 수 있어 개별 조문 비교는 생략) [개칭 아니면 인용 오기 확인]
세원관리과,군포시 수수료 징수 조례,2022-01-13,제7조,검토 필요,독립유공자예우에 관한 법률,제6조,내용변경,「독립유공자예우에 관한 법률」 제6조 개정 내용을 반영하여 이 조례 제7조을(를) 검토·정비
세원관리과,군포시 수수료 징수 조례,2022-01-13,제7조,검토 필요,국가유공자 등 예우 및 지원에 관한 법률,제6조,내용변경,「국가유공자 등 예우 및 지원에 관한 법률」 제6조 개정 내용을 반영하여 이 조례 제7조을(를) 검토·정비
세원관리과,군포시 수수료 징수 조례,2022-01-13,제7조,검토 필요,고엽제후유의증 등 환자지원 및 단체설립에 관한 법률,제4조,내용변경,「고엽제후유의증 등 환자지원 및 단체설립에 관한 법률」 제4조 개정 내용을 반영하여 이 조례 제7조을(를) 검토·정비
세원관리과,군포시 수수료 징수 조례,2022-01-13,제7조,검토 필요,참전유공자예우 및 단체설립에 관한 법률,제5조,내용변경,「참전유공자예우 및 단체설립에 관한 법률」 제5조 개정 내용을 반영하여 이 조례 제7조을(를) 검토·정비
세원관리과,군포시 수수료 징수 조례,2022-01-13,제7조,검토 필요,특수임무유공자 예우 및 단체설립에 관한 법률,제6조,내용변경,「특수임무유공자 예우 및 단체설립에 관한 법률」 제6조 개정 내용을 반영하여 이 조례 제7조을(를) 검토·정비
세원관리과,군포시 수수료 징수 조례,2022-01-13,제7조,검토 필요,한부모가족지원법,제5조의2,내용변경,「한부모가족지원법」 제5조의2 개정 내용을 반영하여 이 조례 제7조을(를) 검토·정비
세원관리과,군포시 수수료 징수 조례,2022-01-13,제7조,검토 필요,장애인복지법,제32조,내용변경,「장애인복지법」 제32조 개정 내용을 반영하여 이 조례 제7조을(를) 검토·정비
세원관리과,군포시 수수료 징수 조례,2022-01-13,제7조,검토 필요,보훈보상대상자 지원에 관한 법률,제2조,내용변경,「보훈보상대상자 지원에 관한 법률」 제2조 개정 내용을 반영하여 이 조례 제7조을(를) 검토·정비
세원관리과,군포시 수수료 징수 조례,2022-01-13,제7조,검토 필요,의사상자 등 예우 및 지원에 관한 법률,제5조,내용변경,「의사상자 등 예우 및 지원에 관한 법률」 제5조 개정 내용을 반영하여 이 조례 제7조을(를) 검토·정비
세원관리과,군포시 수입증지 조례,2021-07-01,제7조,검토 필요,회계관계직원 등의 책임에 관한 법률,제7조,내용변경,「회계관계직원 등의 책임에 관한 법률」 제7조 개정 내용을 반영하여 이 조례 제7조을(를) 검토·정비
세정과,군포시 시세 감면 조례,2026-04-22,제9조,검토 필요,지방세법,제13조제5항,내용변경,「지방세법」 제13조 개정 내용을 반영하여 이 조례 제9조을(를) 검토·정비
세정과,군포시 시세 감면 조례,2026-04-22,제6조,검토 필요,지방세특례제한법,제75조의2제1항,내용변경,「지방세특례제한법」 제75조의2 개정 내용을 반영하여 이 조례 제6조을(를) 검토·정비
세정과,군포시 시세 감면 조례,2026-04-22,제12조,검토 필요,지방세특례제한법,제177조의2제1항,내용변경,「지방세특례제한법」 제177조의2 개정 내용을 반영하여 이 조례 제12조을(를) 검토·정비
세정과,군포시 시세 조례,2021-04-26,제4조,검토 필요,지방세법,제53조,내용변경,「지방세법」 제53조 개정 내용을 반영하여 이 조례 제4조을(를) 검토·정비
세정과,군포시 시세 조례,2021-04-26,제4조,검토 필요,지방세법,제54조,내용변경,「지방세법」 제54조 개정 내용을 반영하여 이 조례 제4조을(를) 검토·정비
세정과,군포시 시세 조례,2021-04-26,제5조,검토 필요,지방세법,제78조,내용변경,「지방세법」 제78조 개정 내용을 반영하여 이 조례 제5조을(를) 검토·정비
세정과,군포시 시세 조례,2021-04-26,제14조,검토 필요,지방세법,제112조,내용변경,「지방세법」 제112조 개정 내용을 반영하여 이 조례 제14조을(를) 검토·정비
세정과,군포시 시세 조례 시행규칙,2021-04-26,제5조,검토 필요,지방세기본법,제50조,내용변경,「지방세기본법」 제50조 개정 내용을 반영하여 이 조례 제5조을(를) 검토·정비
세정과,군포시 시세 조례 시행규칙,2021-04-26,제7조,검토 필요,지방세기본법,제50조,내용변경,「지방세기본법」 제50조 개정 내용을 반영하여 이 조례 제7조을(를) 검토·정비
세정과,군포시 시세 조례 시행규칙,2021-04-26,제9조,검토 필요,지방세기본법,제50조,내용변경,「지방세기본법」 제50조 개정 내용을 반영하여 이 조례 제9조을(를) 검토·정비
세정과,군포시 지방세 세무조사 운영 규칙,2025-01-01,제10조,검토 필요,신탁법,,제명변경,인용한 「신탁법」이(가) 현행 「공익신탁법」(으)로 제명변경(개칭·통폐합)됨 — 법령 자체가 바뀌었으니 인용 법령명을 현행화하고 관련 조문을 전면 검토. (조문번호·내용이 재편됐을 수 있어 개별 조문 비교는 생략) [개칭 아니면 인용 오기 확인]
세정과,군포시 지방세 세무조사 운영 규칙,2025-01-01,제16조,검토 필요,지방세기본법,제83조제1항,내용변경,「지방세기본법」 제83조 개정 내용을 반영하여 이 조례 제16조을(를) 검토·정비
수도과,군포시 수도시설 원인자 부담금 산정ㆍ징수 등에 관한 조례 시행규칙,2016-12-30,제4조,검토 필요,지방자치단체를 당사자로 하는 계약에 관한 법률 시행규칙,제6조제1항,내용변경,「지방자치단체를 당사자로 하는 계약에 관한 법률 시행규칙」 제6조 개정 내용을 반영하여 이 조례 제4조을(를) 검토·정비
수도과,군포시 수도시설 원인자부담금 산정ㆍ징수 등에 관한 조례,2021-01-01,제5조,검토 필요,지방자치단체를 당사자로 하는 계약에 관한 법률 시행규칙,제6조,내용변경,「지방자치단체를 당사자로 하는 계약에 관한 법률 시행규칙」 제6조 개정 내용을 반영하여 이 조례 제5조을(를) 검토·정비
수도과,군포시 절수 설비 등 설치 활성화 지원에 관한 조례,2025-05-08,제1조,검토 필요,수도법,제15조,내용변경,「수도법」 제15조 개정 내용을 반영하여 이 조례 제1조을(를) 검토·정비
수도과,군포시 지방공기업 수도사업회계 규칙,2021-04-26,제7조,검토 필요,법인세법시행령,제76조,내용변경,「법인세법시행령」 제76조 개정 내용을 반영하여 이 조례 제7조을(를) 검토·정비 (덧붙여 「법인세법시행령」처럼 꺽쇠 서식으로 정정)
스마트정보과,군포시 공간정보체계 구축 및 이용에 관한 조례,2023-12-12,제2조,검토 필요,도로법,제2조,내용변경,「도로법」 제2조 개정 내용을 반영하여 이 조례 제2조을(를) 검토·정비
스마트정보과,군포시 공간정보체계 구축 및 이용에 관한 조례,2023-12-12,제2조,검토 필요,도로법,제108조,내용변경,「도로법」 제108조 개정 내용을 반영하여 이 조례 제2조을(를) 검토·정비
스마트정보과,군포시 공간정보체계 구축 및 이용에 관한 조례,2023-12-12,제2조,검토 필요,공공측량 작업규정,제168조,내용변경,「공공측량 작업규정」 제168조 개정 내용을 반영하여 이 조례 제2조을(를) 검토·정비
스마트정보과,군포시 공간정보체계 구축 및 이용에 관한 조례,2023-12-12,제5조의2,검토 필요,국가공간정보 기본법,제21조,내용변경,「국가공간정보 기본법」 제21조 개정 내용을 반영하여 이 조례 제5조의2을(를) 검토·정비
스마트정보과,군포시 공간정보체계 구축 및 이용에 관한 조례,2023-12-12,제6조,검토 필요,국가공간정보 기본법,제34조,내용변경,「국가공간정보 기본법」 제34조 개정 내용을 반영하여 이 조례 제6조을(를) 검토·정비
스마트정보과,군포시 스마트도시 조성 및 운영 조례,2022-04-25,제3조,검토 필요,스마트도시 조성 및 산업진흥 등에 관한 법률,제8조,내용변경,「스마트도시 조성 및 산업진흥 등에 관한 법률」 제8조 개정 내용을 반영하여 이 조례 제3조을(를) 검토·정비
스마트정보과,군포시 인터넷시스템 설치 및 운영 조례,2020-03-16,제2조,검토 필요,민원 처리에 관한 법률,제2조,내용변경,「민원 처리에 관한 법률」 제2조 개정 내용을 반영하여 이 조례 제2조을(를) 검토·정비
스마트정보과,군포시 인터넷시스템 설치 및 운영 조례,2020-03-16,제2조,검토 필요,개인정보 보호법,제2조제1호,내용변경,「개인정보 보호법」 제2조 개정 내용을 반영하여 이 조례 제2조을(를) 검토·정비
스마트정보과,군포시 인터넷시스템 설치 및 운영 조례,2020-03-16,제8조,검토 필요,전자정부법 시행령,제14조제1항,내용변경,「전자정부법 시행령」 제14조 개정 내용을 반영하여 이 조례 제8조을(를) 검토·정비
스마트정보과,군포시 인터넷시스템 설치 및 운영 조례,2020-03-16,제8조,검토 필요,공공기관의 정보공개에 관한 법률시행령,제6조,내용변경,「공공기관의 정보공개에 관한 법률시행령」 제6조 개정 내용을 반영하여 이 조례 제8조을(를) 검토·정비
스마트정보과,군포시 인터넷시스템 설치 및 운영 조례,2020-03-16,제9조,검토 필요,전자정부법,제9조,내용변경,「전자정부법」 제9조 개정 내용을 반영하여 이 조례 제9조을(를) 검토·정비
스마트정보과,군포시 인터넷시스템 설치 및 운영 조례,2020-03-16,제18조,검토 필요,개인정보 보호법,제18조제2항,내용변경,「개인정보 보호법」 제18조 개정 내용을 반영하여 이 조례 제18조을(를) 검토·정비
스마트정보과,군포시 지능정보화 조례,2024-12-10,제11조,검토 필요,지능정보화 기본법,제46조,내용변경,「지능정보화 기본법」 제46조 개정 내용을 반영하여 이 조례 제11조을(를) 검토·정비
스마트정보과,군포시 지능정보화 조례,2024-12-10,제12조,검토 필요,지능정보화 기본법,제49조,내용변경,「지능정보화 기본법」 제49조 개정 내용을 반영하여 이 조례 제12조을(를) 검토·정비
아동청소년과,군포시 다함께 돌봄 지원에 관한 조례,2020-09-29,제7조,검토 필요,한부모가족지원법,제5조의2,내용변경,「한부모가족지원법」 제5조의2 개정 내용을 반영하여 이 조례 제7조을(를) 검토·정비
아동청소년과,군포시 다함께 돌봄 지원에 관한 조례,2020-09-29,제7조,검토 필요,장애인복지법,제2조,내용변경,「장애인복지법」 제2조 개정 내용을 반영하여 이 조례 제7조을(를) 검토·정비
아동청소년과,군포시 지역아동센터 운영 및 지원에 관한 조례,2019-12-13,제4조,검토 필요,아동복지법 시행규칙,제23조,내용변경,「아동복지법 시행규칙」 제23조 개정 내용을 반영하여 이 조례 제4조을(를) 검토·정비
아동청소년과,군포시 청소년 권리 증진을 위한 조례,2023-01-31,제3조,검토 필요,청소년 보호법,제2조,내용변경,「청소년 보호법」 제2조 개정 내용을 반영하여 이 조례 제3조을(를) 검토·정비
아동청소년과,군포시 청소년 권리 증진을 위한 조례,2023-01-31,제6조,검토 필요,청소년 기본법,제14조,내용변경,「청소년 기본법」 제14조 개정 내용을 반영하여 이 조례 제6조을(를) 검토·정비
아동청소년과,군포시 청소년시설 설치 및 운영 조례,2025-12-10,제6조,검토 필요,관공서의 공휴일에 관한 규정,제2조,내용변경,「관공서의 공휴일에 관한 규정」 제2조 개정 내용을 반영하여 이 조례 제6조을(를) 검토·정비
아동청소년과,군포시 청소년육성위원회 등의 설치 및 운영에 관한 조례,2023-01-31,제2조,검토 필요,청소년기본법,제11조,내용변경,「청소년기본법」 제11조 개정 내용을 반영하여 이 조례 제2조을(를) 검토·정비
아동청소년과,군포시 청소년육성위원회 등의 설치 및 운영에 관한 조례,2023-01-31,제2조,검토 필요,청소년보호법,제48조,내용변경,「청소년보호법」 제48조 개정 내용을 반영하여 이 조례 제2조을(를) 검토·정비
아동청소년과,군포시 청소년육성위원회 등의 설치 및 운영에 관한 조례,2023-01-31,제15조,검토 필요,청소년보호법,제2조제5호,내용변경,「청소년보호법」 제2조 개정 내용을 반영하여 이 조례 제15조을(를) 검토·정비
아동청소년과,군포시 청소년육성위원회 등의 설치 및 운영에 관한 조례,2023-01-31,제20조,검토 필요,청소년보호법,제48조,내용변경,「청소년보호법」 제48조 개정 내용을 반영하여 이 조례 제20조을(를) 검토·정비
아동청소년과,군포시 학교폭력예방 및 대책에 관한 조례,2020-09-29,제2조,검토 필요,학교폭력예방 및 대책에 관한 법률,제2조제1호,내용변경,「학교폭력예방 및 대책에 관한 법률」 제2조 개정 내용을 반영하여 이 조례 제2조을(를) 검토·정비
아동청소년과,군포시 학교폭력예방 및 대책에 관한 조례,2020-09-29,제2조,검토 필요,초ㆍ중등교육법,제61조,내용변경,「초ㆍ중등교육법」 제61조 개정 내용을 반영하여 이 조례 제2조을(를) 검토·정비
아동청소년과,군포시 학교폭력예방 및 대책에 관한 조례,2020-09-29,제4조,검토 필요,학교폭력예방 및 대책에 관한 법률,제15조,내용변경,「학교폭력예방 및 대책에 관한 법률」 제15조 개정 내용을 반영하여 이 조례 제4조을(를) 검토·정비
안전총괄과,군포시 노후기반시설 조기교체 성능개선 촉진 조례,2020-03-16,제5조,검토 필요,시설물의 안전 및 유지관리에 관한 특별법,제6조,내용변경,「시설물의 안전 및 유지관리에 관한 특별법」 제6조 개정 내용을 반영하여 이 조례 제5조을(를) 검토·정비
안전총괄과,군포시 사회재난 구호 및 복구 지원에 관한 조례,2021-09-30,제1조,검토 필요,재난 및 안전관리 기본법,제66조제4항,내용변경,「재난 및 안전관리 기본법」 제66조 개정 내용을 반영하여 이 조례 제1조을(를) 검토·정비
안전총괄과,군포시 사회재난 구호 및 복구 지원에 관한 조례,2021-09-30,제2조,검토 필요,재난 및 안전관리 기본법,제3조제1호나목,내용변경,「재난 및 안전관리 기본법」 제3조 개정 내용을 반영하여 이 조례 제2조을(를) 검토·정비
안전총괄과,군포시 사회재난 구호 및 복구 지원에 관한 조례,2021-09-30,제4조,검토 필요,사회재난 구호 및 복구 비용 부담기준 등에 관한 규정,제3조제1항제1호,내용변경,「사회재난 구호 및 복구 비용 부담기준 등에 관한 규정」 제3조 개정 내용을 반영하여 이 조례 제4조을(를) 검토·정비
안전총괄과,군포시 사회재난 구호 및 복구 지원에 관한 조례,2021-09-30,제2조,검토 필요,재난 및 안전관리 기본법,제60조제2항,내용변경,「재난 및 안전관리 기본법」 제60조 개정 내용을 반영하여 이 조례 제2조을(를) 검토·정비
안전총괄과,군포시 시민안전보험 가입 및 운영 조례,2021-09-30,제1조,검토 필요,재난 및 안전관리 기본법,제4조,내용변경,「재난 및 안전관리 기본법」 제4조 개정 내용을 반영하여 이 조례 제1조을(를) 검토·정비
안전총괄과,군포시 시민안전보험 가입 및 운영 조례,2021-09-30,제2조,검토 필요,재난 및 안전관리 기본법,제3조,내용변경,「재난 및 안전관리 기본법」 제3조 개정 내용을 반영하여 이 조례 제2조을(를) 검토·정비
안전총괄과,군포시 안전관리위원회 운영 조례,2020-03-16,제1조,검토 필요,재난 및 안전관리 기본법,제11조,내용변경,「재난 및 안전관리 기본법」 제11조 개정 내용을 반영하여 이 조례 제1조을(를) 검토·정비
안전총괄과,군포시 안전관리자문단 구성 및 운영에 관한 조례,2023-05-01,제3조,검토 필요,재난 및 안전관리 기본법 시행령,제40조,내용변경,「재난 및 안전관리 기본법 시행령」 제40조 개정 내용을 반영하여 이 조례 제3조을(를) 검토·정비
안전총괄과,군포시 안전보안관 운영 조례,2023-09-27,제1조,검토 필요,재난 및 안전관리 기본법,제66조의4제3항,내용변경,「재난 및 안전관리 기본법」 제66조의4 개정 내용을 반영하여 이 조례 제1조을(를) 검토·정비
안전총괄과,군포시 안전취약계층 이용건물의 화재예방 안전시설 지원 조례,2023-03-16,제1조,검토 필요,재난 및 안전관리 기본법,제4조,내용변경,「재난 및 안전관리 기본법」 제4조 개정 내용을 반영하여 이 조례 제1조을(를) 검토·정비
안전총괄과,군포시 안전취약계층 이용건물의 화재예방 안전시설 지원 조례,2023-03-16,제2조,검토 필요,노인복지법,제31조,내용변경,「노인복지법」 제31조 개정 내용을 반영하여 이 조례 제2조을(를) 검토·정비
안전총괄과,군포시 안전취약계층 이용건물의 화재예방 안전시설 지원 조례,2023-03-16,제2조,검토 필요,장애인복지법,제58조,내용변경,「장애인복지법」 제58조 개정 내용을 반영하여 이 조례 제2조을(를) 검토·정비
안전총괄과,군포시 안전취약계층 이용건물의 화재예방 안전시설 지원 조례,2023-03-16,제2조,검토 필요,아동복지법,제52조제1항,내용변경,「아동복지법」 제52조 개정 내용을 반영하여 이 조례 제2조을(를) 검토·정비
안전총괄과,군포시 안전취약계층 이용건물의 화재예방 안전시설 지원 조례,2023-03-16,제2조,검토 필요,한부모가족지원법,제19조제1항,내용변경,「한부모가족지원법」 제19조 개정 내용을 반영하여 이 조례 제2조을(를) 검토·정비
안전총괄과,군포시 어린이놀이시설 안전관리에 관한 조례,2015-12-09,제2조,검토 필요,어린이제품 안전 특별법,제2조제9호,내용변경,「어린이제품 안전 특별법」 제2조 개정 내용을 반영하여 이 조례 제2조을(를) 검토·정비
안전총괄과,군포시 어린이놀이시설 안전관리에 관한 조례,2015-12-09,제6조,검토 필요,어린이놀이시설 안전관리법,제12조,내용변경,「어린이놀이시설 안전관리법」 제12조 개정 내용을 반영하여 이 조례 제6조을(를) 검토·정비
안전총괄과,군포시 어린이놀이시설 안전관리에 관한 조례,2015-12-09,제6조,검토 필요,어린이놀이시설 안전관리법,제15조,내용변경,「어린이놀이시설 안전관리법」 제15조 개정 내용을 반영하여 이 조례 제6조을(를) 검토·정비
안전총괄과,군포시 어린이놀이시설 안전관리에 관한 조례,2015-12-09,제6조,검토 필요,어린이놀이시설 안전관리법,제20조,내용변경,「어린이놀이시설 안전관리법」 제20조 개정 내용을 반영하여 이 조례 제6조을(를) 검토·정비
안전총괄과,군포시 어린이놀이시설 안전관리에 관한 조례,2015-12-09,제6조,검토 필요,어린이놀이시설 안전관리법,제22조,내용변경,「어린이놀이시설 안전관리법」 제22조 개정 내용을 반영하여 이 조례 제6조을(를) 검토·정비
안전총괄과,군포시 자연재난 피해 예방ㆍ지원에 관한 조례,2025-07-11,제2조,검토 필요,재난안전법,,제명변경,인용한 「재난안전법」이(가) 현행 「재난 및 안전관리 기본법」(으)로 제명변경(개칭·통폐합)됨 — 법령 자체가 바뀌었으니 인용 법령명을 현행화하고 관련 조문을 전면 검토. (조문번호·내용이 재편됐을 수 있어 개별 조문 비교는 생략) [개칭 아니면 인용 오기 확인]
안전총괄과,군포시 자연재난 피해 예방ㆍ지원에 관한 조례,2025-07-11,제3조,검토 필요,재난안전법,,제명변경,인용한 「재난안전법」이(가) 현행 「재난 및 안전관리 기본법」(으)로 제명변경(개칭·통폐합)됨 — 법령 자체가 바뀌었으니 인용 법령명을 현행화하고 관련 조문을 전면 검토. (조문번호·내용이 재편됐을 수 있어 개별 조문 비교는 생략) [개칭 아니면 인용 오기 확인]
안전총괄과,군포시 자연재해 원인 조사ㆍ분석ㆍ평가 협의회 구성 및 운영에 관한 조례,2020-09-29,제3조,검토 필요,재난 및 안전관리 기본법,제60조,내용변경,「재난 및 안전관리 기본법」 제60조 개정 내용을 반영하여 이 조례 제3조을(를) 검토·정비
안전총괄과,군포시 재난 예보ㆍ경보시스템 구축 및 운영에 관한 조례,2023-09-27,제2조,검토 필요,재난 및 안전관리 기본법,제3조제1호,내용변경,「재난 및 안전관리 기본법」 제3조 개정 내용을 반영하여 이 조례 제2조을(를) 검토·정비
안전총괄과,군포시 재난 예보ㆍ경보시스템 구축 및 운영에 관한 조례,2023-09-27,제2조,검토 필요,영유아보육법,제2조제3호,내용변경,「영유아보육법」 제2조 개정 내용을 반영하여 이 조례 제2조을(를) 검토·정비
안전총괄과,군포시 재난 예보ㆍ경보시스템 구축 및 운영에 관한 조례,2023-09-27,제2조,검토 필요,노인복지법,제31조,내용변경,「노인복지법」 제31조 개정 내용을 반영하여 이 조례 제2조을(를) 검토·정비
안전총괄과,군포시 재난 예보ㆍ경보시스템 구축 및 운영에 관한 조례,2023-09-27,제2조,검토 필요,공공기관의 운영에 관한 법률,제4조,내용변경,「공공기관의 운영에 관한 법률」 제4조 개정 내용을 반영하여 이 조례 제2조을(를) 검토·정비
안전총괄과,군포시 재난기본소득 및 재난지원금 지급 조례,2023-07-04,제2조,검토 필요,재난 및 안전관리 기본법,제3조제1호,내용변경,「재난 및 안전관리 기본법」 제3조 개정 내용을 반영하여 이 조례 제2조을(를) 검토·정비
안전총괄과,군포시 재난복구지원 군 장병 안전 확보 및 지원 조례,2024-10-02,제2조,검토 필요,재난 및 안전관리 기본법,제3조,내용변경,「재난 및 안전관리 기본법」 제3조 개정 내용을 반영하여 이 조례 제2조을(를) 검토·정비
안전총괄과,군포시 재난안전대책본부 구성ㆍ운영 조례,2019-04-18,제23조,검토 필요,수상에서의 수색ㆍ구조 등에 관한 법률,제7조,내용변경,「수상에서의 수색ㆍ구조 등에 관한 법률」 제7조 개정 내용을 반영하여 이 조례 제23조을(를) 검토·정비
안전총괄과,군포시 재난안전대책본부 구성ㆍ운영 조례,2019-04-18,제8조,검토 필요,재난 및 안전관리 기본법,제34조의5,내용변경,「재난 및 안전관리 기본법」 제34조의5 개정 내용을 반영하여 이 조례 제8조을(를) 검토·정비
안전총괄과,군포시 재난안전대책본부 구성ㆍ운영 조례,2019-04-18,제21조,검토 필요,재난 및 안전관리 기본법,제38조의2,내용변경,「재난 및 안전관리 기본법」 제38조의2 개정 내용을 반영하여 이 조례 제21조을(를) 검토·정비
안전총괄과,군포시 재난안전대책본부 구성ㆍ운영 조례,2019-04-18,제23조,검토 필요,재난 및 안전관리 기본법,제14조,내용변경,「재난 및 안전관리 기본법」 제14조 개정 내용을 반영하여 이 조례 제23조을(를) 검토·정비
안전총괄과,군포시 재난안전대책본부 구성ㆍ운영 조례,2019-04-18,제23조,검토 필요,재난 및 안전관리 기본법,제15조의2제1항,내용변경,「재난 및 안전관리 기본법」 제15조의2 개정 내용을 반영하여 이 조례 제23조을(를) 검토·정비
안전총괄과,군포시 재난안전대책본부 구성ㆍ운영 조례,2019-04-18,제23조,검토 필요,재난 및 안전관리 기본법,제15조의2제5항,내용변경,「재난 및 안전관리 기본법」 제15조의2 개정 내용을 반영하여 이 조례 제23조을(를) 검토·정비
안전총괄과,군포시 재난현장 통합지원본부 설치 및 운영 조례,2019-04-18,제11조,검토 필요,민방위기본법,제33조,내용변경,「민방위기본법」 제33조 개정 내용을 반영하여 이 조례 제11조을(를) 검토·정비
안전총괄과,군포시 재난현장 통합지원본부 설치 및 운영 조례,2019-04-18,제16조,검토 필요,응급의료에 관한 법률,제18조,내용변경,「응급의료에 관한 법률」 제18조 개정 내용을 반영하여 이 조례 제16조을(를) 검토·정비
안전총괄과,군포시 재난현장 통합지원본부 설치 및 운영 조례,2019-04-18,제4조,검토 필요,재난 및 안전관리 기본법,제3조제1호,내용변경,「재난 및 안전관리 기본법」 제3조 개정 내용을 반영하여 이 조례 제4조을(를) 검토·정비
안전총괄과,군포시 재난현장 통합지원본부 설치 및 운영 조례,2019-04-18,제10조,검토 필요,재난 및 안전관리 기본법,제34조의5,내용변경,「재난 및 안전관리 기본법」 제34조의5 개정 내용을 반영하여 이 조례 제10조을(를) 검토·정비
안전총괄과,군포시 재난현장 통합지원본부 설치 및 운영 조례,2019-04-18,제12조,검토 필요,재난 및 안전관리 기본법,제39조,내용변경,「재난 및 안전관리 기본법」 제39조 개정 내용을 반영하여 이 조례 제12조을(를) 검토·정비
안전총괄과,군포시 재난현장 통합지원본부 설치 및 운영 조례,2019-04-18,제18조,검토 필요,재난 및 안전관리 기본법,제34조의5,내용변경,「재난 및 안전관리 기본법」 제34조의5 개정 내용을 반영하여 이 조례 제18조을(를) 검토·정비
안전총괄과,군포시 재난현장 통합지원본부 설치 및 운영 조례,2019-04-18,제20조,검토 필요,재난 및 안전관리 기본법,제37조,내용변경,「재난 및 안전관리 기본법」 제37조 개정 내용을 반영하여 이 조례 제20조을(를) 검토·정비
안전총괄과,군포시 재해영향평가심의위원회 구성 및 운영 규칙,2019-12-31,제1조,검토 필요,자연재해대책법,제4조,내용변경,「자연재해대책법」 제4조 개정 내용을 반영하여 이 조례 제1조을(를) 검토·정비
안전총괄과,군포시 재해영향평가심의위원회 구성 및 운영 규칙,2019-12-31,제1조,검토 필요,자연재해대책법 시행령,제73조,내용변경,「자연재해대책법 시행령」 제73조 개정 내용을 반영하여 이 조례 제1조을(를) 검토·정비
안전총괄과,군포시 지진피해 시설물 위험도 평가단 구성 및 운영에 관한 조례,2018-04-20,제1조,검토 필요,지진ㆍ화산재해대책법,제21조,내용변경,「지진ㆍ화산재해대책법」 제21조 개정 내용을 반영하여 이 조례 제1조을(를) 검토·정비
안전총괄과,군포시 지진피해 시설물 위험도 평가단 구성 및 운영에 관한 조례,2018-04-20,제7조,검토 필요,실내공기질 관리법,제3조제1항,내용변경,「실내공기질 관리법」 제3조 개정 내용을 반영하여 이 조례 제7조을(를) 검토·정비
안전총괄과,군포시 침수방지시설 설치 지원에 관한 조례,2023-07-04,제6조,검토 필요,지하공간 침수 방지를 위한 수방기준,제2조,내용변경,「지하공간 침수 방지를 위한 수방기준」 제2조 개정 내용을 반영하여 이 조례 제6조을(를) 검토·정비
안전총괄과,군포시 풍수해 피해주민 지원 조례,2022-12-14,제2조,검토 필요,풍수해보험법,,제명변경,인용한 「풍수해보험법」이(가) 현행 「풍수해ㆍ지진재해보험법」(으)로 제명변경(개칭·통폐합)됨 — 법령 자체가 바뀌었으니 인용 법령명을 현행화하고 관련 조문을 전면 검토. (조문번호·내용이 재편됐을 수 있어 개별 조문 비교는 생략) [개칭 아니면 인용 오기 확인]
안전총괄과,군포시 풍수해 피해주민 지원 조례,2022-12-14,제5조,검토 필요,주택법,제2조,,「주택법」 제2조 변경 사항을 검토하여 이 조례 제5조 정비
안전총괄과,군포시 화재대피용 방연마스크 비치 및 지원에 관한 조례,2020-09-29,제1조,검토 필요,의료법,,제명변경,인용한 「의료법」이(가) 현행 「공공보건의료에 관한 법률」(으)로 제명변경(개칭·통폐합)됨 — 법령 자체가 바뀌었으니 인용 법령명을 현행화하고 관련 조문을 전면 검토. (조문번호·내용이 재편됐을 수 있어 개별 조문 비교는 생략) [개칭 아니면 인용 오기 확인]
안전총괄과,군포시 화재대피용 방연마스크 비치 및 지원에 관한 조례,2020-09-29,제1조,검토 필요,재난 및 안전관리 기본법,제4조,내용변경,「재난 및 안전관리 기본법」 제4조 개정 내용을 반영하여 이 조례 제1조을(를) 검토·정비
안전총괄과,군포시 화재대피용 방연마스크 비치 및 지원에 관한 조례,2020-09-29,제1조,검토 필요,공공기관의 운영에 관한 법률,제4조,내용변경,「공공기관의 운영에 관한 법률」 제4조 개정 내용을 반영하여 이 조례 제1조을(를) 검토·정비
안전총괄과,군포시 화재대피용 방연마스크 비치 및 지원에 관한 조례,2020-09-29,제1조,검토 필요,노인복지법,제31조,내용변경,「노인복지법」 제31조 개정 내용을 반영하여 이 조례 제1조을(를) 검토·정비
안전총괄과,군포시 화재대피용 방연마스크 비치 및 지원에 관한 조례,2020-09-29,제1조,검토 필요,장애인복지법,제58조,내용변경,「장애인복지법」 제58조 개정 내용을 반영하여 이 조례 제1조을(를) 검토·정비
여성가족과,군포시 가족센터 설치 및 운영 조례,2023-05-01,제1조,검토 필요,건강가정기본법,제35조,내용변경,「건강가정기본법」 제35조 개정 내용을 반영하여 이 조례 제1조을(를) 검토·정비
여성가족과,군포시 가족센터 설치 및 운영 조례,2023-05-01,제1조,검토 필요,다문화가족지원법,제12조,내용변경,「다문화가족지원법」 제12조 개정 내용을 반영하여 이 조례 제1조을(를) 검토·정비
여성가족과,군포시 가족센터 설치 및 운영 조례,2023-05-01,제7조,검토 필요,다문화가족지원법 시행규칙,제3조,내용변경,「다문화가족지원법 시행규칙」 제3조 개정 내용을 반영하여 이 조례 제7조을(를) 검토·정비
여성가족과,군포시 가족센터 설치 및 운영 조례,2023-05-01,제8조,검토 필요,건강가정기본법,제35조제5항,내용변경,「건강가정기본법」 제35조 개정 내용을 반영하여 이 조례 제8조을(를) 검토·정비
여성가족과,군포시 가족센터 설치 및 운영 조례,2023-05-01,제8조,검토 필요,건강가정기본법 시행규칙,제6조,내용변경,「건강가정기본법 시행규칙」 제6조 개정 내용을 반영하여 이 조례 제8조을(를) 검토·정비
여성가족과,군포시 디지털 성범죄 예방 및 피해자 보호ㆍ지원 조례,2023-07-04,제2조,검토 필요,성폭력범죄의 처벌 등에 관한 특례법,제14조의2,내용변경,「성폭력범죄의 처벌 등에 관한 특례법」 제14조의2 개정 내용을 반영하여 이 조례 제2조을(를) 검토·정비
여성가족과,군포시 디지털 성범죄 예방 및 피해자 보호ㆍ지원 조례,2023-07-04,제2조,검토 필요,성폭력범죄의 처벌 등에 관한 특례법,제14조의3,내용변경,「성폭력범죄의 처벌 등에 관한 특례법」 제14조의3 개정 내용을 반영하여 이 조례 제2조을(를) 검토·정비
여성가족과,군포시 디지털 성범죄 예방 및 피해자 보호ㆍ지원 조례,2023-07-04,제2조,검토 필요,아동ㆍ청소년의 성보호에 관한 법률,제11조,내용변경,「아동ㆍ청소년의 성보호에 관한 법률」 제11조 개정 내용을 반영하여 이 조례 제2조을(를) 검토·정비
여성가족과,군포시 디지털 성범죄 예방 및 피해자 보호ㆍ지원 조례,2023-07-04,제2조,검토 필요,아동ㆍ청소년의 성보호에 관한 법률,제15조의2,내용변경,「아동ㆍ청소년의 성보호에 관한 법률」 제15조의2 개정 내용을 반영하여 이 조례 제2조을(를) 검토·정비
여성가족과,군포시 보육 조례,2021-07-01,제2조,검토 필요,영유아보육법,제6조,내용변경,「영유아보육법」 제6조 개정 내용을 반영하여 이 조례 제2조을(를) 검토·정비
여성가족과,군포시 보육 조례,2021-07-01,제13조,검토 필요,영유아보육법 시행규칙,제39조의3,내용변경,「영유아보육법 시행규칙」 제39조의3 개정 내용을 반영하여 이 조례 제13조을(를) 검토·정비
여성가족과,군포시 보육 조례,2021-07-01,제16조,검토 필요,영유아보육법,제24조제2항,내용변경,「영유아보육법」 제24조 개정 내용을 반영하여 이 조례 제16조을(를) 검토·정비
여성가족과,군포시 보육 조례,2021-07-01,제12조,검토 필요,영유아보육법 시행령,제14조제1항,내용변경,「영유아보육법 시행령」 제14조 개정 내용을 반영하여 이 조례 제12조을(를) 검토·정비
여성가족과,군포시 보육 조례,2021-07-01,제14조,검토 필요,영유아보육법 시행령,제24조제1항,내용변경,「영유아보육법 시행령」 제24조 개정 내용을 반영하여 이 조례 제14조을(를) 검토·정비
여성가족과,군포시 보육 조례,2021-07-01,제23조,검토 필요,영유아보육법 시행령,제24조제1항,내용변경,「영유아보육법 시행령」 제24조 개정 내용을 반영하여 이 조례 제23조을(를) 검토·정비
여성가족과,군포시 보육 조례,2021-07-01,제16조,검토 필요,영유아보육법 시행규칙,제24조,내용변경,「영유아보육법 시행규칙」 제24조 개정 내용을 반영하여 이 조례 제16조을(를) 검토·정비
여성가족과,군포시 보육 조례,2021-07-01,제19조,검토 필요,영유아보육법 시행규칙,제25조,내용변경,「영유아보육법 시행규칙」 제25조 개정 내용을 반영하여 이 조례 제19조을(를) 검토·정비
여성가족과,군포시 보육 조례,2021-07-01,제24조,검토 필요,영유아보육법 시행규칙,제35조의9,내용변경,「영유아보육법 시행규칙」 제35조의9 개정 내용을 반영하여 이 조례 제24조을(를) 검토·정비
여성가족과,군포시 아동ㆍ여성 안전 지역연대 운영 조례,2023-07-04,제1조,검토 필요,성폭력방지 및 피해자보호 등에 관한 법률,제3조,내용변경,「성폭력방지 및 피해자보호 등에 관한 법률」 제3조 개정 내용을 반영하여 이 조례 제1조을(를) 검토·정비
여성가족과,군포시 아이돌봄 지원 조례,2023-12-12,제2조,검토 필요,아이돌봄 지원법,제7조,내용변경,「아이돌봄 지원법」 제7조 개정 내용을 반영하여 이 조례 제2조을(를) 검토·정비
여성가족과,군포시 아이돌봄 지원 조례,2023-12-12,제2조,검토 필요,아이돌봄 지원법,제11조,내용변경,「아이돌봄 지원법」 제11조 개정 내용을 반영하여 이 조례 제2조을(를) 검토·정비
여성가족과,군포시 아이돌봄 지원 조례,2023-12-12,제5조,검토 필요,아이돌봄 지원법,제11조,내용변경,「아이돌봄 지원법」 제11조 개정 내용을 반영하여 이 조례 제5조을(를) 검토·정비
여성가족과,군포시 양성평등 기본 조례,2020-09-29,제2조,검토 필요,양성평등기본법,제7조,내용변경,「양성평등기본법」 제7조 개정 내용을 반영하여 이 조례 제2조을(를) 검토·정비
여성가족과,군포시 한부모가족 지원 조례,2023-05-01,제4조,검토 필요,한부모가족지원법,제19조제1항,내용변경,「한부모가족지원법」 제19조 개정 내용을 반영하여 이 조례 제4조을(를) 검토·정비
위생자원과,군포시 식품진흥기금 설치 및 운용 조례,2021-04-26,제1조,검토 필요,식품위생법,제89조,내용변경,「식품위생법」 제89조 개정 내용을 반영하여 이 조례 제1조을(를) 검토·정비
위생자원과,군포시 식품진흥기금 설치 및 운용 조례,2021-04-26,제2조,검토 필요,건강기능식품에 관한 법률,제4조,내용변경,「건강기능식품에 관한 법률」 제4조 개정 내용을 반영하여 이 조례 제2조을(를) 검토·정비
위생자원과,군포시 식품진흥기금 설치 및 운용 조례,2021-04-26,제3조,검토 필요,건강기능식품에 관한 법률,제37조,내용변경,「건강기능식품에 관한 법률」 제37조 개정 내용을 반영하여 이 조례 제3조을(를) 검토·정비
위생자원과,군포시 식품진흥기금 설치 및 운용 조례,2021-04-26,제3조,검토 필요,식품 등의 표시·광고에 관한 법률,제20조,내용변경,「식품 등의 표시·광고에 관한 법률」 제20조 개정 내용을 반영하여 이 조례 제3조을(를) 검토·정비
위생자원과,군포시 식품진흥기금 설치 및 운용 조례,2021-04-26,제4조,검토 필요,건강기능식품에 관한 법률,제37조제4항,내용변경,「건강기능식품에 관한 법률」 제37조 개정 내용을 반영하여 이 조례 제4조을(를) 검토·정비
위생자원과,군포시 식품진흥기금 설치 및 운용 조례,2021-04-26,제15조,검토 필요,건강기능식품에 관한 법률 시행령,제2조,내용변경,「건강기능식품에 관한 법률 시행령」 제2조 개정 내용을 반영하여 이 조례 제15조을(를) 검토·정비
위생자원과,군포시 식품진흥기금 설치 및 운용 조례,2021-04-26,제2조,검토 필요,식품위생법,제47조,내용변경,「식품위생법」 제47조 개정 내용을 반영하여 이 조례 제2조을(를) 검토·정비
위생자원과,군포시 식품진흥기금 설치 및 운용 조례,2021-04-26,제3조,검토 필요,식품위생법,제83조,내용변경,「식품위생법」 제83조 개정 내용을 반영하여 이 조례 제3조을(를) 검토·정비
위생자원과,군포시 식품진흥기금 설치 및 운용 조례,2021-04-26,제5조,검토 필요,식품위생법,제89조제3항,내용변경,「식품위생법」 제89조 개정 내용을 반영하여 이 조례 제5조을(를) 검토·정비
위생자원과,군포시 위생업소 등 지원에 관한 조례,2021-01-15,제2조,검토 필요,식품위생법 시행령,제21조,내용변경,「식품위생법 시행령」 제21조 개정 내용을 반영하여 이 조례 제2조을(를) 검토·정비
위생자원과,군포시 위생업소 등 지원에 관한 조례,2021-01-15,제2조,검토 필요,식품위생법,제59조,내용변경,「식품위생법」 제59조 개정 내용을 반영하여 이 조례 제2조을(를) 검토·정비
위생자원과,"군포시 음식물류 폐기물의 발생억제, 수집ㆍ운반 및 재활용 촉진에 관한 조례",2021-07-01,제3조,검토 필요,폐기물관리법,제14조제1항,내용변경,「폐기물관리법」 제14조 개정 내용을 반영하여 이 조례 제3조을(를) 검토·정비
위생자원과,"군포시 음식물류 폐기물의 발생억제, 수집ㆍ운반 및 재활용 촉진에 관한 조례",2021-07-01,제8조,검토 필요,폐기물관리법 시행규칙,제16조의2,내용변경,「폐기물관리법 시행규칙」 제16조의2 개정 내용을 반영하여 이 조례 제8조을(를) 검토·정비
위생자원과,"군포시 음식물류 폐기물의 발생억제, 수집ㆍ운반 및 재활용 촉진에 관한 조례",2021-07-01,제5조,검토 필요,폐기물관리법,제14조의3,내용변경,「폐기물관리법」 제14조의3 개정 내용을 반영하여 이 조례 제5조을(를) 검토·정비
위생자원과,"군포시 음식물류 폐기물의 발생억제, 수집ㆍ운반 및 재활용 촉진에 관한 조례",2021-07-01,제11조,검토 필요,폐기물관리법,제68조,내용변경,「폐기물관리법」 제68조 개정 내용을 반영하여 이 조례 제11조을(를) 검토·정비
위생자원과,"군포시 음식물류 폐기물의 발생억제, 수집ㆍ운반 및 재활용 촉진에 관한 조례",2021-07-01,제20조,검토 필요,폐기물관리법,제68조,내용변경,「폐기물관리법」 제68조 개정 내용을 반영하여 이 조례 제20조을(를) 검토·정비
위생자원과,군포시 자원순환 기본 조례,2021-07-01,제2조,검토 필요,자원순환기본법,,제명변경,인용한 「자원순환기본법」이(가) 현행 「순환경제사회 전환 촉진법」(으)로 제명변경(개칭·통폐합)됨 — 법령 자체가 바뀌었으니 인용 법령명을 현행화하고 관련 조문을 전면 검토. (조문번호·내용이 재편됐을 수 있어 개별 조문 비교는 생략) [개칭 아니면 인용 오기 확인]
위생자원과,군포시 자원순환 기본 조례,2021-07-01,제6조,검토 필요,자원순환기본법,,제명변경,인용한 「자원순환기본법」이(가) 현행 「순환경제사회 전환 촉진법」(으)로 제명변경(개칭·통폐합)됨 — 법령 자체가 바뀌었으니 인용 법령명을 현행화하고 관련 조문을 전면 검토. (조문번호·내용이 재편됐을 수 있어 개별 조문 비교는 생략) [개칭 아니면 인용 오기 확인]
위생자원과,군포시 자원순환 기본 조례,2021-07-01,제8조,검토 필요,자원순환기본법,,제명변경,인용한 「자원순환기본법」이(가) 현행 「순환경제사회 전환 촉진법」(으)로 제명변경(개칭·통폐합)됨 — 법령 자체가 바뀌었으니 인용 법령명을 현행화하고 관련 조문을 전면 검토. (조문번호·내용이 재편됐을 수 있어 개별 조문 비교는 생략) [개칭 아니면 인용 오기 확인]
위생자원과,군포시 자원순환 기본 조례,2021-07-01,제8조,검토 필요,지방공기업법,제49조,내용변경,「지방공기업법」 제49조 개정 내용을 반영하여 이 조례 제8조을(를) 검토·정비
위생자원과,군포시 자원의 절약과 재활용촉진에 관한 조례,2017-04-01,제3조,검토 필요,자원의 절약과 재활용촉진에 관한 법률,제7조,내용변경,「자원의 절약과 재활용촉진에 관한 법률」 제7조 개정 내용을 반영하여 이 조례 제3조을(를) 검토·정비
위생자원과,군포시 자원의 절약과 재활용촉진에 관한 조례,2017-04-01,제4조,검토 필요,자원의 절약과 재활용촉진에 관한 법률 시행령,제8조,내용변경,「자원의 절약과 재활용촉진에 관한 법률 시행령」 제8조 개정 내용을 반영하여 이 조례 제4조을(를) 검토·정비
위생자원과,군포시 자원의 절약과 재활용촉진에 관한 조례,2017-04-01,제4조,검토 필요,자원의 절약과 재활용촉진에 관한 법률 시행규칙,제3조의2,내용변경,「자원의 절약과 재활용촉진에 관한 법률 시행규칙」 제3조의2 개정 내용을 반영하여 이 조례 제4조을(를) 검토·정비
위생자원과,군포시 자원의 절약과 재활용촉진에 관한 조례,2017-04-01,제6조,검토 필요,자원의 절약과 재활용촉진에 관한 법률,제41조,내용변경,「자원의 절약과 재활용촉진에 관한 법률」 제41조 개정 내용을 반영하여 이 조례 제6조을(를) 검토·정비
위생자원과,군포시 폐기물 관리에 관한 조례,2023-05-01,제2조,검토 필요,폐기물관리법,제2조,내용변경,「폐기물관리법」 제2조 개정 내용을 반영하여 이 조례 제2조을(를) 검토·정비
위생자원과,군포시 폐기물 관리에 관한 조례,2023-05-01,제25조,검토 필요,폐기물관리법,제68조,내용변경,「폐기물관리법」 제68조 개정 내용을 반영하여 이 조례 제25조을(를) 검토·정비
위생자원과,군포시 폐기물 관리에 관한 조례,2023-05-01,제11조,검토 필요,폐기물관리법 시행령,제7조,내용변경,「폐기물관리법 시행령」 제7조 개정 내용을 반영하여 이 조례 제11조을(를) 검토·정비
위생자원과,군포시 폐기물 관리에 관한 조례,2023-05-01,제25조,검토 필요,폐기물관리법 시행령,제38조,내용변경,「폐기물관리법 시행령」 제38조 개정 내용을 반영하여 이 조례 제25조을(를) 검토·정비
위생자원과,군포시 폐기물 관리에 관한 조례 시행규칙,2023-05-01,제4조,검토 필요,건설폐기물의 재활용 촉진에 관한 법률,제13조의2,내용변경,「건설폐기물의 재활용 촉진에 관한 법률」 제13조의2 개정 내용을 반영하여 이 조례 제4조을(를) 검토·정비
위생자원과,군포시 폐기물처리시설 설치촉진 및 주변지역지원 등에 관한 조례,2023-07-04,제7조,검토 필요,폐기물처리시설 설치촉진 및 주변지역지원 등에 관한 법률 시행령,제27조제2항,내용변경,「폐기물처리시설 설치촉진 및 주변지역지원 등에 관한 법률 시행령」 제27조 개정 내용을 반영하여 이 조례 제7조을(를) 검토·정비
위생자원과,군포시 폐기물처리시설 특별회계 설치 및 운영 조례,2023-09-27,제1조,검토 필요,폐기물처리시설 설치촉진 및 주변지역지원 등에 관한 법률 시행령,제4조,내용변경,「폐기물처리시설 설치촉진 및 주변지역지원 등에 관한 법률 시행령」 제4조 개정 내용을 반영하여 이 조례 제1조을(를) 검토·정비
위생자원과,군포시 폐기물처리시설 특별회계 설치 및 운영 조례,2023-09-27,제3조,검토 필요,폐기물관리법,제2조,내용변경,「폐기물관리법」 제2조 개정 내용을 반영하여 이 조례 제3조을(를) 검토·정비
위생자원과,군포시 환경관리소 운영 및 관리 조례,2020-09-29,제6조,검토 필요,폐기물처리시설 설치촉진 및 주변지역지원 등에 관한 법률 시행령,제35조제3항,내용변경,「폐기물처리시설 설치촉진 및 주변지역지원 등에 관한 법률 시행령」 제35조 개정 내용을 반영하여 이 조례 제6조을(를) 검토·정비
의회사무과,군포시의회 공무원 행동강령 규칙,2025-01-07,제5조의4,검토 필요,공공기관의 운영에 관한 법률,제4조제1항,내용변경,「공공기관의 운영에 관한 법률」 제4조 개정 내용을 반영하여 이 조례 제5조의4을(를) 검토·정비
의회사무과,군포시의회 공인 조례,2022-04-25,제1조,검토 필요,행정 효율과 협업 촉진에 관한 규정,,제명변경,인용한 「행정 효율과 협업 촉진에 관한 규정」이(가) 현행 「행정업무의 운영 및 혁신에 관한 규정」(으)로 제명변경(개칭·통폐합)됨 — 법령 자체가 바뀌었으니 인용 법령명을 현행화하고 관련 조문을 전면 검토. (조문번호·내용이 재편됐을 수 있어 개별 조문 비교는 생략) [개칭 아니면 인용 오기 확인]
의회사무과,군포시의회 공인 조례,2022-04-25,제13조,검토 필요,행정업무의 효율적 운영에 관한 규정,,제명변경,인용한 「행정업무의 효율적 운영에 관한 규정」이(가) 현행 「행정업무의 운영 및 혁신에 관한 규정」(으)로 제명변경(개칭·통폐합)됨 — 법령 자체가 바뀌었으니 인용 법령명을 현행화하고 관련 조문을 전면 검토. (조문번호·내용이 재편됐을 수 있어 개별 조문 비교는 생략) [개칭 아니면 인용 오기 확인]
의회사무과,군포시의회 공인 조례,2022-04-25,제13조,검토 필요,행정업무의 효율적 운영에 관한 규정 시행규칙,,제명변경,인용한 「행정업무의 효율적 운영에 관한 규정 시행규칙」이(가) 현행 「행정업무의 운영 및 혁신에 관한 규정 시행규칙」(으)로 제명변경(개칭·통폐합)됨 — 법령 자체가 바뀌었으니 인용 법령명을 현행화하고 관련 조문을 전면 검토. (조문번호·내용이 재편됐을 수 있어 개별 조문 비교는 생략) [개칭 아니면 인용 오기 확인]
의회사무과,군포시의회 의원 행동강령 조례,2025-01-07,제10조의3,검토 필요,공공기관의 운영에 관한 법률,제4조제1항,내용변경,「공공기관의 운영에 관한 법률」 제4조 개정 내용을 반영하여 이 조례 제10조의3을(를) 검토·정비
의회사무과,군포시의회 인사청문회 조례,2024-07-09,제4조,검토 필요,지방공기업법,제49조,내용변경,「지방공기업법」 제49조 개정 내용을 반영하여 이 조례 제4조을(를) 검토·정비
의회사무과,군포시의회 정책지원관 운영 및 관리에 관한 조례,2025-12-10,제4조,검토 필요,지방공무원법,제61조,내용변경,「지방공무원법」 제61조 개정 내용을 반영하여 이 조례 제4조을(를) 검토·정비
의회사무과,군포시의회 지방공무원 근무 규칙,2022-01-13,제4조,검토 필요,공무원 여비 규정,제18조,내용변경,「공무원 여비 규정」 제18조 개정 내용을 반영하여 이 조례 제4조을(를) 검토·정비
의회사무과,군포시의회 지방공무원 근무 규칙,2022-01-13,제6조,검토 필요,공무원 여비 규정,제18조,내용변경,「공무원 여비 규정」 제18조 개정 내용을 반영하여 이 조례 제6조을(를) 검토·정비
의회사무과,군포시의회 지방공무원 명예퇴직수당 등 지급에 관한 규칙,2022-01-13,제2조,검토 필요,지방공무원 명예퇴직수당 등 지급 규정,제3조,내용변경,「지방공무원 명예퇴직수당 등 지급 규정」 제3조 개정 내용을 반영하여 이 조례 제2조을(를) 검토·정비
의회사무과,군포시의회 지방공무원 인사 규칙,2026-04-22,제3조,검토 필요,지방공무원 임용령,제21조의2,내용변경,「지방공무원 임용령」 제21조의2 개정 내용을 반영하여 이 조례 제3조을(를) 검토·정비
의회사무과,군포시의회 행정사무감사 및 조사에 관한 조례,2022-12-14,제6조,검토 필요,지방자치단체 출자ㆍ출연 기관의 운영에 관한 법률,제2조,내용변경,「지방자치단체 출자ㆍ출연 기관의 운영에 관한 법률」 제2조 개정 내용을 반영하여 이 조례 제6조을(를) 검토·정비
의회사무과,군포시의회 회의 규칙,2025-07-11,제56조의2,검토 필요,주민조례발안법,,제명변경,인용한 「주민조례발안법」이(가) 현행 「주민조례발안에 관한 법률」(으)로 제명변경(개칭·통폐합)됨 — 법령 자체가 바뀌었으니 인용 법령명을 현행화하고 관련 조문을 전면 검토. (조문번호·내용이 재편됐을 수 있어 개별 조문 비교는 생략) [개칭 아니면 인용 오기 확인]
의회사무과,군포시의회에 출석하여 답변할 수 있는 관계공무원 등의 범위에 관한 조례,2022-04-25,제2조,검토 필요,지방자치단체 출자ㆍ출연 기관의 운영에 관한 법률,제2조,내용변경,「지방자치단체 출자ㆍ출연 기관의 운영에 관한 법률」 제2조 개정 내용을 반영하여 이 조례 제2조을(를) 검토·정비
자치분권과,군포시 민주화운동 기념에 관한 조례,2020-09-29,제2조,검토 필요,민주화운동기념사업회법,제2조,내용변경,「민주화운동기념사업회법」 제2조 개정 내용을 반영하여 이 조례 제2조을(를) 검토·정비
자치분권과,군포시 사회적경제 육성 지원에 관한 조례,2021-09-30,제2조,검토 필요,도시재생 활성화 및 지원에 관한 특별법,제2조제1항제9호,내용변경,「도시재생 활성화 및 지원에 관한 특별법」 제2조 개정 내용을 반영하여 이 조례 제2조을(를) 검토·정비
자치분권과,군포시 자율방범대 및 범죄피해자 지원에 관한 조례,2024-05-15,제2조,검토 필요,자율방범대법,,제명변경,인용한 「자율방범대법」이(가) 현행 「자율방범대 설치 및 운영에 관한 법률」(으)로 제명변경(개칭·통폐합)됨 — 법령 자체가 바뀌었으니 인용 법령명을 현행화하고 관련 조문을 전면 검토. (조문번호·내용이 재편됐을 수 있어 개별 조문 비교는 생략) [개칭 아니면 인용 오기 확인]
자치분권과,군포시 자율방범대 및 범죄피해자 지원에 관한 조례,2024-05-15,제10조,검토 필요,자율방범대법,,제명변경,인용한 「자율방범대법」이(가) 현행 「자율방범대 설치 및 운영에 관한 법률」(으)로 제명변경(개칭·통폐합)됨 — 법령 자체가 바뀌었으니 인용 법령명을 현행화하고 관련 조문을 전면 검토. (조문번호·내용이 재편됐을 수 있어 개별 조문 비교는 생략) [개칭 아니면 인용 오기 확인]
자치분권과,군포시 재난현장 통합자원봉사지원단 구성 및 운영 등에 관한 조례,2020-09-29,제7조,검토 필요,재해구호법,제4조의2,내용변경,「재해구호법」 제4조의2 개정 내용을 반영하여 이 조례 제7조을(를) 검토·정비
자치분권과,군포시 주민자치회 설치 및 운영 조례,2026-01-07,제1조,검토 필요,지방자치분권 및 지역균형발전에 관한 특별법,,제명변경,인용한 「지방자치분권 및 지역균형발전에 관한 특별법」이(가) 현행 「지방자치분권 및 균형성장에 관한 특별법」(으)로 제명변경(개칭·통폐합)됨 — 법령 자체가 바뀌었으니 인용 법령명을 현행화하고 관련 조문을 전면 검토. (조문번호·내용이 재편됐을 수 있어 개별 조문 비교는 생략) [개칭 아니면 인용 오기 확인]
자치분권과,군포시 주민자치회 설치 및 운영 조례,2026-01-07,제5조,검토 필요,지방자치분권 및 지역균형발전에 관한 특별법,,제명변경,인용한 「지방자치분권 및 지역균형발전에 관한 특별법」이(가) 현행 「지방자치분권 및 균형성장에 관한 특별법」(으)로 제명변경(개칭·통폐합)됨 — 법령 자체가 바뀌었으니 인용 법령명을 현행화하고 관련 조문을 전면 검토. (조문번호·내용이 재편됐을 수 있어 개별 조문 비교는 생략) [개칭 아니면 인용 오기 확인]
자치분권과,군포시 주민자치회 설치 및 운영 조례,2026-01-07,제5조,검토 필요,특별법,,제명변경,인용한 「특별법」이(가) 현행 「10ㆍ29이태원참사 피해자 권리보장과 진상규명 및 재발방지를 위한 특별법」(으)로 제명변경(개칭·통폐합)됨 — 법령 자체가 바뀌었으니 인용 법령명을 현행화하고 관련 조문을 전면 검토. (조문번호·내용이 재편됐을 수 있어 개별 조문 비교는 생략) [개칭 아니면 인용 오기 확인]
자치분권과,군포시 주민자치회 설치 및 운영 조례,2026-01-07,제19조,검토 필요,특별법,,제명변경,인용한 「특별법」이(가) 현행 「10ㆍ29이태원참사 피해자 권리보장과 진상규명 및 재발방지를 위한 특별법」(으)로 제명변경(개칭·통폐합)됨 — 법령 자체가 바뀌었으니 인용 법령명을 현행화하고 관련 조문을 전면 검토. (조문번호·내용이 재편됐을 수 있어 개별 조문 비교는 생략) [개칭 아니면 인용 오기 확인]
주택정책과,군포시 노후계획도시 정비 및 지원에 관한 조례,2024-10-02,제13조,검토 필요,도시 및 주거환경정비법 시행령,제33조,내용변경,「도시 및 주거환경정비법 시행령」 제33조 개정 내용을 반영하여 이 조례 제13조을(를) 검토·정비
주택정책과,군포시 노후계획도시 정비 및 지원에 관한 조례,2024-10-02,제13조,검토 필요,노후계획도시 정비 및 지원에 관한 특별법 시행령,제16조제1항,내용변경,「노후계획도시 정비 및 지원에 관한 특별법 시행령」 제16조 개정 내용을 반영하여 이 조례 제13조을(를) 검토·정비
주택정책과,군포시 노후계획도시 정비 및 지원에 관한 조례,2024-10-02,제14조,검토 필요,노후계획도시 정비 및 지원에 관한 특별법 시행령,제16조제1항제3호,내용변경,「노후계획도시 정비 및 지원에 관한 특별법 시행령」 제16조 개정 내용을 반영하여 이 조례 제14조을(를) 검토·정비
주택정책과,군포시 노후계획도시 정비 및 지원에 관한 조례,2024-10-02,제15조,검토 필요,노후계획도시 정비 및 지원에 관한 특별법 시행령,제17조제3항제9호,내용변경,「노후계획도시 정비 및 지원에 관한 특별법 시행령」 제17조 개정 내용을 반영하여 이 조례 제15조을(를) 검토·정비
주택정책과,군포시 노후계획도시 정비 및 지원에 관한 조례,2024-10-02,제16조,검토 필요,노후계획도시 정비 및 지원에 관한 특별법 시행령,제18조제1호,내용변경,「노후계획도시 정비 및 지원에 관한 특별법 시행령」 제18조 개정 내용을 반영하여 이 조례 제16조을(를) 검토·정비
주택정책과,군포시 노후계획도시 정비 및 지원에 관한 조례,2024-10-02,제16조,검토 필요,노후계획도시 정비 및 지원에 관한 특별법 시행령,제18조제3호,내용변경,「노후계획도시 정비 및 지원에 관한 특별법 시행령」 제18조 개정 내용을 반영하여 이 조례 제16조을(를) 검토·정비
주택정책과,군포시 노후계획도시 정비 및 지원에 관한 조례,2024-10-02,제16조,검토 필요,노후계획도시 정비 및 지원에 관한 특별법,제15조제2항,내용변경,「노후계획도시 정비 및 지원에 관한 특별법」 제15조 개정 내용을 반영하여 이 조례 제16조을(를) 검토·정비
주택정책과,군포시 노후계획도시 정비 및 지원에 관한 조례,2024-10-02,제20조,검토 필요,노후계획도시 정비 및 지원에 관한 특별법,제22조제2항,내용변경,「노후계획도시 정비 및 지원에 관한 특별법」 제22조 개정 내용을 반영하여 이 조례 제20조을(를) 검토·정비
주택정책과,군포시 노후계획도시 정비 및 지원에 관한 조례,2024-10-02,제20조,검토 필요,노후계획도시 정비 및 지원에 관한 특별법,제22조제3항,내용변경,「노후계획도시 정비 및 지원에 관한 특별법」 제22조 개정 내용을 반영하여 이 조례 제20조을(를) 검토·정비
주택정책과,군포시 노후계획도시 정비 및 지원에 관한 조례,2024-10-02,제20조,검토 필요,노후계획도시 정비 및 지원에 관한 특별법,제22조제3항제10호,내용변경,「노후계획도시 정비 및 지원에 관한 특별법」 제22조 개정 내용을 반영하여 이 조례 제20조을(를) 검토·정비
주택정책과,군포시 도시ㆍ주거환경정비기금 설치 및 운용 조례,2022-08-12,제1조,검토 필요,도시 및 주거환경정비법,제126조,내용변경,「도시 및 주거환경정비법」 제126조 개정 내용을 반영하여 이 조례 제1조을(를) 검토·정비
주택정책과,군포시 도시ㆍ주거환경정비기금 설치 및 운용 조례,2022-08-12,제3조,검토 필요,지방세법,제112조,내용변경,「지방세법」 제112조 개정 내용을 반영하여 이 조례 제3조을(를) 검토·정비
주택정책과,군포시 도시ㆍ주거환경정비기금 설치 및 운용 조례,2022-08-12,제4조,검토 필요,도시 및 주거환경정비법,제126조제3항,내용변경,「도시 및 주거환경정비법」 제126조 개정 내용을 반영하여 이 조례 제4조을(를) 검토·정비
주택정책과,군포시 도시ㆍ주거환경정비기금 설치 및 운용 조례,2022-08-12,제4조,검토 필요,도시 및 주거환경정비법,제78조,내용변경,「도시 및 주거환경정비법」 제78조 개정 내용을 반영하여 이 조례 제4조을(를) 검토·정비
주택정책과,군포시 주거 정비 지원센터 설립 및 운영 조례,2023-01-09,제2조,검토 필요,도시 및 주거환경정비법,제2조제2호,내용변경,「도시 및 주거환경정비법」 제2조 개정 내용을 반영하여 이 조례 제2조을(를) 검토·정비
주택정책과,군포시 주거복지 지원 조례,2021-04-26,제7조,검토 필요,주거기본법 시행령,제13조,내용변경,「주거기본법 시행령」 제13조 개정 내용을 반영하여 이 조례 제7조을(를) 검토·정비
주택정책과,군포시 주거복지 지원 조례,2021-04-26,제7조,검토 필요,주거기본법 시행령,제13조제3항,내용변경,「주거기본법 시행령」 제13조 개정 내용을 반영하여 이 조례 제7조을(를) 검토·정비
주택정책과,군포시 주택 조례,2021-07-01,제3조,검토 필요,주택건설기준 등에 관한 규정,제55조의2제6항,내용변경,「주택건설기준 등에 관한 규정」 제55조의2 개정 내용을 반영하여 이 조례 제3조을(를) 검토·정비
주택정책과,군포시 주택 조례,2021-07-01,제4조,검토 필요,민간임대주택에 관한 특별법,제5조,내용변경,「민간임대주택에 관한 특별법」 제5조 개정 내용을 반영하여 이 조례 제4조을(를) 검토·정비
지역경제과,군포시 경력보유여성등의 경력 유지 및 경제활동 촉진에 관한 조례,2023-12-12,제9조,검토 필요,여성의 경제활동 촉진과 경력단절 예방법,제5조,내용변경,「여성의 경제활동 촉진과 경력단절 예방법」 제5조 개정 내용을 반영하여 이 조례 제9조을(를) 검토·정비
지역경제과,군포시 경력보유여성등의 경력 유지 및 경제활동 촉진에 관한 조례,2023-12-12,제11조,검토 필요,여성의 경제활동 촉진과 경력단절 예방법,제10조,내용변경,「여성의 경제활동 촉진과 경력단절 예방법」 제10조 개정 내용을 반영하여 이 조례 제11조을(를) 검토·정비
지역경제과,군포시 경력보유여성등의 경력 유지 및 경제활동 촉진에 관한 조례,2023-12-12,제11조,검토 필요,여성의 경제활동 촉진과 경력단절 예방법,제13조제2항,내용변경,「여성의 경제활동 촉진과 경력단절 예방법」 제13조 개정 내용을 반영하여 이 조례 제11조을(를) 검토·정비
지역경제과,군포시 경력보유여성등의 경력 유지 및 경제활동 촉진에 관한 조례,2023-12-12,제11조,검토 필요,여성의 경제활동 촉진과 경력단절 예방법,제14조,내용변경,「여성의 경제활동 촉진과 경력단절 예방법」 제14조 개정 내용을 반영하여 이 조례 제11조을(를) 검토·정비
지역경제과,군포시 경력보유여성등의 경력 유지 및 경제활동 촉진에 관한 조례,2023-12-12,제11조,검토 필요,여성의 경제활동 촉진과 경력단절 예방법,제15조,내용변경,「여성의 경제활동 촉진과 경력단절 예방법」 제15조 개정 내용을 반영하여 이 조례 제11조을(를) 검토·정비
지역경제과,군포시 골목형상점가 활성화 지원에 관한 조례,2025-12-10,제5조,검토 필요,전통시장 및 상점가 육성을 위한 특별법,제2조제12호,내용변경,「전통시장 및 상점가 육성을 위한 특별법」 제2조 개정 내용을 반영하여 이 조례 제5조을(를) 검토·정비
지역경제과,군포시 동물복지 조례,2025-03-17,제2조,검토 필요,동물보호법 시행규칙,제3조,내용변경,「동물보호법 시행규칙」 제3조 개정 내용을 반영하여 이 조례 제2조을(를) 검토·정비
지역경제과,군포시 동물복지 조례,2025-03-17,제2조,검토 필요,동물보호법 시행령,제4조,내용변경,「동물보호법 시행령」 제4조 개정 내용을 반영하여 이 조례 제2조을(를) 검토·정비
지역경제과,군포시 동물복지 조례,2025-03-17,제5조,검토 필요,동물보호법 시행령,제4조,내용변경,「동물보호법 시행령」 제4조 개정 내용을 반영하여 이 조례 제5조을(를) 검토·정비
지역경제과,군포시 동물복지 조례,2025-03-17,제13조,검토 필요,동물보호법 시행령,제11조제1항,내용변경,「동물보호법 시행령」 제11조 개정 내용을 반영하여 이 조례 제13조을(를) 검토·정비
지역경제과,군포시 동물복지 조례,2025-03-17,제16조,검토 필요,동물보호법 시행규칙,제16조,내용변경,「동물보호법 시행규칙」 제16조 개정 내용을 반영하여 이 조례 제16조을(를) 검토·정비
지역경제과,군포시 동물복지 조례,2025-03-17,제17조,검토 필요,동물보호법 시행규칙,제21조제3항,내용변경,「동물보호법 시행규칙」 제21조 개정 내용을 반영하여 이 조례 제17조을(를) 검토·정비
지역경제과,군포시 동물복지 조례,2025-03-17,제25조,검토 필요,동물보호법 시행규칙,제26조제2항,내용변경,「동물보호법 시행규칙」 제26조 개정 내용을 반영하여 이 조례 제25조을(를) 검토·정비
지역경제과,군포시 전통상업보존구역 지정 및 대규모ㆍ준대규모점포의 등록제한 등에 관한 조례,2020-03-16,제2조,검토 필요,중소기업기본법,제2조,내용변경,「중소기업기본법」 제2조 개정 내용을 반영하여 이 조례 제2조을(를) 검토·정비
지역경제과,군포시 전통상업보존구역 지정 및 대규모ㆍ준대규모점포의 등록제한 등에 관한 조례,2020-03-16,제17조,검토 필요,유통산업발전법,제8조,내용변경,「유통산업발전법」 제8조 개정 내용을 반영하여 이 조례 제17조을(를) 검토·정비
지역경제과,군포시 전통시장 및 상점가 육성을 위한 조례,2019-07-09,제3조,검토 필요,유통산업발전법,제8조,내용변경,「유통산업발전법」 제8조 개정 내용을 반영하여 이 조례 제3조을(를) 검토·정비
지역경제과,군포시 전통시장 및 상점가 육성을 위한 조례,2019-07-09,제2조,검토 필요,전통시장 및 상점가 육성을 위한 특별법,제65조,내용변경,「전통시장 및 상점가 육성을 위한 특별법」 제65조 개정 내용을 반영하여 이 조례 제2조을(를) 검토·정비
지역경제과,군포시 전통시장 및 상점가 육성을 위한 조례,2019-07-09,제2조,검토 필요,전통시장 및 상점가 육성을 위한 특별법,제67조제1항,내용변경,「전통시장 및 상점가 육성을 위한 특별법」 제67조 개정 내용을 반영하여 이 조례 제2조을(를) 검토·정비
지역경제과,군포시 전통시장 및 상점가 육성을 위한 조례,2019-07-09,제19조,검토 필요,전통시장 및 상점가 육성을 위한 특별법,제65조,내용변경,「전통시장 및 상점가 육성을 위한 특별법」 제65조 개정 내용을 반영하여 이 조례 제19조을(를) 검토·정비
지역경제과,군포시 전통시장 및 상점가 육성을 위한 조례,2019-07-09,제23조,검토 필요,전통시장 및 상점가 육성을 위한 특별법,제65조제4항,내용변경,「전통시장 및 상점가 육성을 위한 특별법」 제65조 개정 내용을 반영하여 이 조례 제23조을(를) 검토·정비
지역경제과,군포시 전통시장 및 상점가 육성을 위한 조례,2019-07-09,제27조,검토 필요,전통시장 및 상점가 육성을 위한 특별법,제67조제1항,내용변경,「전통시장 및 상점가 육성을 위한 특별법」 제67조 개정 내용을 반영하여 이 조례 제27조을(를) 검토·정비
지역경제과,군포시 전통시장 및 상점가 육성을 위한 조례,2019-07-09,제29조,검토 필요,전통시장 및 상점가 육성을 위한 특별법,제20조,내용변경,「전통시장 및 상점가 육성을 위한 특별법」 제20조 개정 내용을 반영하여 이 조례 제29조을(를) 검토·정비
지역경제과,군포시 전통시장 및 상점가 육성을 위한 조례,2019-07-09,제37조,검토 필요,전통시장 및 상점가 육성을 위한 특별법,제74조,내용변경,「전통시장 및 상점가 육성을 위한 특별법」 제74조 개정 내용을 반영하여 이 조례 제37조을(를) 검토·정비
지역경제과,군포시 전통시장 및 상점가 육성을 위한 조례,2019-07-09,제37조,검토 필요,전통시장 및 상점가 육성을 위한 특별법 시행령,제35조,내용변경,「전통시장 및 상점가 육성을 위한 특별법 시행령」 제35조 개정 내용을 반영하여 이 조례 제37조을(를) 검토·정비
지역경제과,군포시 지역화폐 발행 및 운영 조례,2025-07-11,제8조,검토 필요,소상공인기본법 시행령,제3조,내용변경,「소상공인기본법 시행령」 제3조 개정 내용을 반영하여 이 조례 제8조을(를) 검토·정비
지역경제과,군포시 지역화폐 발행 및 운영 조례,2025-07-11,제8조의2,검토 필요,사행산업통합감독위원회법,제2조제1호,내용변경,「사행산업통합감독위원회법」 제2조 개정 내용을 반영하여 이 조례 제8조의2을(를) 검토·정비
차량관리과,군포시 교통사업 특별회계 설치 조례,2023-09-27,제2조,검토 필요,주차장법,제30조,내용변경,「주차장법」 제30조 개정 내용을 반영하여 이 조례 제2조을(를) 검토·정비 (덧붙여 「주차장법」처럼 꺽쇠 서식으로 정정)
차량관리과,군포시 교통사업 특별회계 설치 조례,2023-09-27,제2조,검토 필요,도로교통법,제160조,내용변경,「도로교통법」 제160조 개정 내용을 반영하여 이 조례 제2조을(를) 검토·정비 (덧붙여 「도로교통법」처럼 꺽쇠 서식으로 정정)
차량관리과,군포시 교통사업 특별회계 설치 조례,2023-09-27,제2조,검토 필요,지방세법,제112조,내용변경,「지방세법」 제112조 개정 내용을 반영하여 이 조례 제2조을(를) 검토·정비
차량관리과,군포시 자동차관리사업 모범사업자 지정 등에 관한 조례,2015-10-12,제1조,검토 필요,자동차관리법 시행규칙,제117조의2,내용변경,「자동차관리법 시행규칙」 제117조의2 개정 내용을 반영하여 이 조례 제1조을(를) 검토·정비
차량관리과,군포시 자동차정비업 지원 조례,2025-10-10,제5조,검토 필요,비영리단체 지원법,,제명변경,인용한 「비영리단체 지원법」이(가) 현행 「비영리민간단체 지원법」(으)로 제명변경(개칭·통폐합)됨 — 법령 자체가 바뀌었으니 인용 법령명을 현행화하고 관련 조문을 전면 검토. (조문번호·내용이 재편됐을 수 있어 개별 조문 비교는 생략) [개칭 아니면 인용 오기 확인]
차량관리과,군포시 주차장 설치 및 관리 조례,2025-01-01,제21조,검토 필요,주차장법,제10조제1항제3호,내용변경,「주차장법」 제10조 개정 내용을 반영하여 이 조례 제21조을(를) 검토·정비
차량관리과,군포시 주차장 설치 및 관리 조례,2025-01-01,제25조,검토 필요,주차장법,제19조의5제2항,내용변경,「주차장법」 제19조의5 개정 내용을 반영하여 이 조례 제25조을(를) 검토·정비
하수과,군포시 가축사육 제한지역 지정에 관한 조례,2017-09-29,제2조,검토 필요,가축분뇨의 관리 및 이용에 관한 법률,제8조제1항,내용변경,「가축분뇨의 관리 및 이용에 관한 법률」 제8조 개정 내용을 반영하여 이 조례 제2조을(를) 검토·정비
하수과,군포시 가축사육 제한지역 지정에 관한 조례,2017-09-29,제2조의2,검토 필요,행정절차법,제46조,내용변경,「행정절차법」 제46조 개정 내용을 반영하여 이 조례 제2조의2을(를) 검토·정비
하수과,군포시 가축사육 제한지역 지정에 관한 조례,2017-09-29,제2조의2,검토 필요,가축분뇨의 관리 및 이용에 관한 법률,제8조제1항,내용변경,「가축분뇨의 관리 및 이용에 관한 법률」 제8조 개정 내용을 반영하여 이 조례 제2조의2을(를) 검토·정비
하수과,군포시 가축사육 제한지역 지정에 관한 조례,2017-09-29,제2조의2,검토 필요,가축분뇨의 관리 및 이용에 관한 법률,제8조제5항,내용변경,「가축분뇨의 관리 및 이용에 관한 법률」 제8조 개정 내용을 반영하여 이 조례 제2조의2을(를) 검토·정비
하수과,군포시 공중화장실 등의 설치 및 관리 조례,2024-01-08,제3조,검토 필요,광진흥법,,제명변경,인용한 「광진흥법」이(가) 현행 「관광진흥법」(으)로 제명변경(개칭·통폐합)됨 — 법령 자체가 바뀌었으니 인용 법령명을 현행화하고 관련 조문을 전면 검토. (조문번호·내용이 재편됐을 수 있어 개별 조문 비교는 생략) [개칭 아니면 인용 오기 확인]
하수과,군포시 물의 재이용 촉진 및 지원에 관한 조례,2022-08-12,제2조,검토 필요,물의 재이용 촉진 및 지원에 관한 법률,제6조,내용변경,「물의 재이용 촉진 및 지원에 관한 법률」 제6조 개정 내용을 반영하여 이 조례 제2조을(를) 검토·정비
하수과,군포시 물의 재이용 촉진 및 지원에 관한 조례,2022-08-12,제3조,검토 필요,물의 재이용 촉진 및 지원에 관한 법률 시행규칙,제4조,내용변경,「물의 재이용 촉진 및 지원에 관한 법률 시행규칙」 제4조 개정 내용을 반영하여 이 조례 제3조을(를) 검토·정비
하수과,군포시 물의 재이용 촉진 및 지원에 관한 조례,2022-08-12,제4조,검토 필요,물의 재이용 촉진 및 지원에 관한 법률 시행규칙,제7조,내용변경,「물의 재이용 촉진 및 지원에 관한 법률 시행규칙」 제7조 개정 내용을 반영하여 이 조례 제4조을(를) 검토·정비
하수과,군포시 물의 재이용 촉진 및 지원에 관한 조례,2022-08-12,제3조,검토 필요,물의 재이용 촉진 및 지원에 관한 법률,제8조,내용변경,「물의 재이용 촉진 및 지원에 관한 법률」 제8조 개정 내용을 반영하여 이 조례 제3조을(를) 검토·정비
하수과,군포시 물의 재이용 촉진 및 지원에 관한 조례,2022-08-12,제4조,검토 필요,물의 재이용 촉진 및 지원에 관한 법률,제9조,내용변경,「물의 재이용 촉진 및 지원에 관한 법률」 제9조 개정 내용을 반영하여 이 조례 제4조을(를) 검토·정비
하수과,군포시 물의 재이용 촉진 및 지원에 관한 조례,2022-08-12,제5조,검토 필요,물의 재이용 촉진 및 지원에 관한 법률,제21조,내용변경,「물의 재이용 촉진 및 지원에 관한 법률」 제21조 개정 내용을 반영하여 이 조례 제5조을(를) 검토·정비
하수과,군포시 물의 재이용 촉진 및 지원에 관한 조례,2022-08-12,제6조,검토 필요,물의 재이용 촉진 및 지원에 관한 법률,제8조,내용변경,「물의 재이용 촉진 및 지원에 관한 법률」 제8조 개정 내용을 반영하여 이 조례 제6조을(를) 검토·정비
하수과,군포시 물의 재이용 촉진 및 지원에 관한 조례,2022-08-12,제6조,검토 필요,물의 재이용 촉진 및 지원에 관한 법률,제9조,내용변경,「물의 재이용 촉진 및 지원에 관한 법률」 제9조 개정 내용을 반영하여 이 조례 제6조을(를) 검토·정비
하수과,군포시 지방공기업 하수도사업회계 규칙,2021-04-26,제7조,검토 필요,법인세법시행령,제76조,내용변경,「법인세법시행령」 제76조 개정 내용을 반영하여 이 조례 제7조을(를) 검토·정비 (덧붙여 「법인세법시행령」처럼 꺽쇠 서식으로 정정)
하수과,군포시 하수도 사용 조례,2024-01-08,제12조,검토 필요,건축법,제22조제1항,내용변경,「건축법」 제22조 개정 내용을 반영하여 이 조례 제12조을(를) 검토·정비
하수과,군포시 하수도 사용 조례,2024-01-08,제12조,검토 필요,건축법,제22조제4항,내용변경,「건축법」 제22조 개정 내용을 반영하여 이 조례 제12조을(를) 검토·정비
하수과,군포시 하수도 사용 조례,2024-01-08,제12조,검토 필요,하수도법 시행규칙,제23조,내용변경,「하수도법 시행규칙」 제23조 개정 내용을 반영하여 이 조례 제12조을(를) 검토·정비
하수과,군포시 하수도 사용 조례,2024-01-08,제14조,검토 필요,물환경보전법,제32조제9항,내용변경,「물환경보전법」 제32조 개정 내용을 반영하여 이 조례 제14조을(를) 검토·정비
하수과,군포시 하수도 사용 조례,2024-01-08,제17조,검토 필요,물환경보전법,제38조의2,내용변경,「물환경보전법」 제38조의2 개정 내용을 반영하여 이 조례 제17조을(를) 검토·정비
하수과,군포시 하수도 사용 조례,2024-01-08,제19조,검토 필요,하수도법 시행령,제24조제5항,내용변경,「하수도법 시행령」 제24조 개정 내용을 반영하여 이 조례 제19조을(를) 검토·정비
행정지원과,군포시 고문 공인노무사 운영 조례,2018-10-08,제3조,검토 필요,공인노무사법,제20조,내용변경,「공인노무사법」 제20조 개정 내용을 반영하여 이 조례 제3조을(를) 검토·정비 (덧붙여 「공인노무사법」처럼 꺽쇠 서식으로 정정)
행정지원과,군포시 공무원 후생복지에 관한 조례,2024-12-10,제9조,검토 필요,공무원 노동조합 및 운영 등에 관한 법률,,제명변경,인용한 「공무원 노동조합 및 운영 등에 관한 법률」이(가) 현행 「공무원의 노동조합 설립 및 운영 등에 관한 법률」(으)로 제명변경(개칭·통폐합)됨 — 법령 자체가 바뀌었으니 인용 법령명을 현행화하고 관련 조문을 전면 검토. (조문번호·내용이 재편됐을 수 있어 개별 조문 비교는 생략) [개칭 아니면 인용 오기 확인]
행정지원과,군포시 사무의 공공기관 위탁 및 대행에 관한 조례,2025-03-17,제2조,검토 필요,공공기관의 운영에 관한 법률,제4조,내용변경,「공공기관의 운영에 관한 법률」 제4조 개정 내용을 반영하여 이 조례 제2조을(를) 검토·정비
행정지원과,군포시 사무의 공공기관 위탁 및 대행에 관한 조례,2025-03-17,제2조,검토 필요,지방공기업법,제49조,내용변경,「지방공기업법」 제49조 개정 내용을 반영하여 이 조례 제2조을(를) 검토·정비
행정지원과,군포시 사무의 공공기관 위탁 및 대행에 관한 조례,2025-03-17,제8조,검토 필요,공공기관의 운영에 관한 법률,제4조,내용변경,「공공기관의 운영에 관한 법률」 제4조 개정 내용을 반영하여 이 조례 제8조을(를) 검토·정비
행정지원과,군포시 지방공무원 명예퇴직수당 등 지급에 관한 규칙,2015-12-09,제2조,검토 필요,지방공무원 명예퇴직수당 등 지급규정,제3조,내용변경,「지방공무원 명예퇴직수당 등 지급규정」 제3조 개정 내용을 반영하여 이 조례 제2조을(를) 검토·정비
행정지원과,군포시 지방공무원 명예퇴직수당 등 지급에 관한 규칙,2015-12-09,제3조,검토 필요,지방공무원 명예퇴직수당 등 지급규정,제5조,내용변경,「지방공무원 명예퇴직수당 등 지급규정」 제5조 개정 내용을 반영하여 이 조례 제3조을(를) 검토·정비
행정지원과,군포시 지방공무원 명예퇴직수당 등 지급에 관한 규칙,2015-12-09,제5조,검토 필요,지방공무원 명예퇴직수당 등 지급규정,제7조,내용변경,「지방공무원 명예퇴직수당 등 지급규정」 제7조 개정 내용을 반영하여 이 조례 제5조을(를) 검토·정비
행정지원과,군포시 지방공무원 명예퇴직수당 등 지급에 관한 규칙,2015-12-09,제5조,검토 필요,지방공무원 명예퇴직수당 등 지급규정,제7조제2항,내용변경,「지방공무원 명예퇴직수당 등 지급규정」 제7조 개정 내용을 반영하여 이 조례 제5조을(를) 검토·정비
행정지원과,군포시 지방공무원 명예퇴직수당 등 지급에 관한 규칙,2015-12-09,제6조,검토 필요,지방공무원 명예퇴직수당 등 지급규정,제7조,내용변경,「지방공무원 명예퇴직수당 등 지급규정」 제7조 개정 내용을 반영하여 이 조례 제6조을(를) 검토·정비
행정지원과,군포시 지방공무원 명예퇴직수당 등 지급에 관한 규칙,2015-12-09,제8조,검토 필요,지방공무원 명예퇴직수당 등 지급규정,제9조,내용변경,「지방공무원 명예퇴직수당 등 지급규정」 제9조 개정 내용을 반영하여 이 조례 제8조을(를) 검토·정비
행정지원과,군포시 지방공무원 명예퇴직수당 등 지급에 관한 규칙,2015-12-09,제9조,검토 필요,지방공무원 명예퇴직수당 등 지급규정,제9조,내용변경,「지방공무원 명예퇴직수당 등 지급규정」 제9조 개정 내용을 반영하여 이 조례 제9조을(를) 검토·정비
행정지원과,군포시 지방공무원 명예퇴직수당 등 지급에 관한 규칙,2015-12-09,제13조,검토 필요,지방공무원 명예퇴직수당 등 지급규정,제12조,내용변경,「지방공무원 명예퇴직수당 등 지급규정」 제12조 개정 내용을 반영하여 이 조례 제13조을(를) 검토·정비
행정지원과,군포시 지방공무원 수당 지급 조례,2018-10-08,제2조,검토 필요,의료법,,제명변경,인용한 「의료법」이(가) 현행 「공공보건의료에 관한 법률」(으)로 제명변경(개칭·통폐합)됨 — 법령 자체가 바뀌었으니 인용 법령명을 현행화하고 관련 조문을 전면 검토. (조문번호·내용이 재편됐을 수 있어 개별 조문 비교는 생략) [개칭 아니면 인용 오기 확인]
행정지원과,군포시 지방공무원 인사 규칙,2026-04-22,제3조,검토 필요,지방공무원 임용령,제21조의2,내용변경,「지방공무원 임용령」 제21조의2 개정 내용을 반영하여 이 조례 제3조을(를) 검토·정비
행정지원과,군포시 지방공무원 인사 규칙,2026-04-22,제15조,검토 필요,지방공무원 임용령,제17조제1항제4호,내용변경,「지방공무원 임용령」 제17조 개정 내용을 반영하여 이 조례 제15조을(를) 검토·정비
행정지원과,군포시 지방공무원 인사 규칙,2026-04-22,제32조,검토 필요,지방공무원 임용령,제33조,내용변경,「지방공무원 임용령」 제33조 개정 내용을 반영하여 이 조례 제32조을(를) 검토·정비
행정지원과,군포시 청원경찰 징계 규칙,2012-09-25,제1조,검토 필요,청원경찰법 시행령,제8조제5항,내용변경,「청원경찰법 시행령」 제8조 개정 내용을 반영하여 이 조례 제1조을(를) 검토·정비
행정지원과,군포시 행정기구 및 정원 조례,2026-04-22,제17조,검토 필요,지방자치법,제3조제3항,내용변경,「지방자치법」 제3조 개정 내용을 반영하여 이 조례 제17조을(를) 검토·정비
홍보실,군포시 시보 발행 규칙,2018-10-08,제2조,검토 필요,사무관리규정,,제명변경,인용한 「사무관리규정」이(가) 현행 「행정업무의 운영 및 혁신에 관한 규정」(으)로 제명변경(개칭·통폐합)됨 — 법령 자체가 바뀌었으니 인용 법령명을 현행화하고 관련 조문을 전면 검토. (조문번호·내용이 재편됐을 수 있어 개별 조문 비교는 생략) [개칭 아니면 인용 오기 확인]
환경과,군포시 경유자동차 및 건설기계 저공해 촉진 및 지원 조례,2021-04-26,제1조,검토 필요,대기환경보전법,제58조,내용변경,「대기환경보전법」 제58조 개정 내용을 반영하여 이 조례 제1조을(를) 검토·정비
환경과,군포시 경유자동차 및 건설기계 저공해 촉진 및 지원 조례,2021-04-26,제1조,검토 필요,대기관리권역의 대기환경개선에 관한 특별법,제26조,내용변경,「대기관리권역의 대기환경개선에 관한 특별법」 제26조 개정 내용을 반영하여 이 조례 제1조을(를) 검토·정비
환경과,군포시 경유자동차 및 건설기계 저공해 촉진 및 지원 조례,2021-04-26,제2조,검토 필요,대기관리권역의 대기환경개선에 관한 특별법,제2조제5호,내용변경,「대기관리권역의 대기환경개선에 관한 특별법」 제2조 개정 내용을 반영하여 이 조례 제2조을(를) 검토·정비
환경과,군포시 경유자동차 및 건설기계 저공해 촉진 및 지원 조례,2021-04-26,제2조,검토 필요,대기환경보전법,제60조,내용변경,「대기환경보전법」 제60조 개정 내용을 반영하여 이 조례 제2조을(를) 검토·정비
환경과,군포시 경유자동차 및 건설기계 저공해 촉진 및 지원 조례,2021-04-26,제5조,검토 필요,대기관리권역의 대기환경개선에 관한 특별법,제26조,내용변경,「대기관리권역의 대기환경개선에 관한 특별법」 제26조 개정 내용을 반영하여 이 조례 제5조을(를) 검토·정비
환경과,군포시 경유자동차 및 건설기계 저공해 촉진 및 지원 조례,2021-04-26,제2조,검토 필요,대기환경보전법,제48조,내용변경,「대기환경보전법」 제48조 개정 내용을 반영하여 이 조례 제2조을(를) 검토·정비
환경과,군포시 경유자동차 및 건설기계 저공해 촉진 및 지원 조례,2021-04-26,제3조,검토 필요,대기환경보전법,제58조,내용변경,「대기환경보전법」 제58조 개정 내용을 반영하여 이 조례 제3조을(를) 검토·정비
환경과,군포시 경유자동차 및 건설기계 저공해 촉진 및 지원 조례,2021-04-26,제3조,검토 필요,대기환경보전법,제2조제17호,내용변경,「대기환경보전법」 제2조 개정 내용을 반영하여 이 조례 제3조을(를) 검토·정비
환경과,군포시 경유자동차 및 건설기계 저공해 촉진 및 지원 조례,2021-04-26,제7조,검토 필요,대기환경보전법,제58조,내용변경,「대기환경보전법」 제58조 개정 내용을 반영하여 이 조례 제7조을(를) 검토·정비
환경과,군포시 녹색제품 구매촉진 조례,2015-10-12,제1조,검토 필요,녹색제품 구매촉진에 관한 법률,제11조,내용변경,「녹색제품 구매촉진에 관한 법률」 제11조 개정 내용을 반영하여 이 조례 제1조을(를) 검토·정비
환경과,군포시 대기 및 수질환경 관련법규 위반사업장 공개에 관한 조례,2023-05-01,제2조,검토 필요,대기환경보전법,제23조,내용변경,「대기환경보전법」 제23조 개정 내용을 반영하여 이 조례 제2조을(를) 검토·정비
환경과,군포시 대기 및 수질환경 관련법규 위반사업장 공개에 관한 조례,2023-05-01,제2조,검토 필요,물환경보전법,제33조,내용변경,「물환경보전법」 제33조 개정 내용을 반영하여 이 조례 제2조을(를) 검토·정비
환경과,군포시 멸종위기 맹꽁이 등 야생생물 보호 및 생물다양성 증진을 위한 조례,2020-03-16,제6조,검토 필요,생물다양성 보전 및 이용에 관한 법률,제7조,내용변경,「생물다양성 보전 및 이용에 관한 법률」 제7조 개정 내용을 반영하여 이 조례 제6조을(를) 검토·정비
환경과,군포시 멸종위기 맹꽁이 등 야생생물 보호 및 생물다양성 증진을 위한 조례,2020-03-16,제7조,검토 필요,자연환경보전법,제30조제3항,내용변경,「자연환경보전법」 제30조 개정 내용을 반영하여 이 조례 제7조을(를) 검토·정비
환경과,군포시 멸종위기 맹꽁이 등 야생생물 보호 및 생물다양성 증진을 위한 조례,2020-03-16,제15조,검토 필요,지방공무원법,제31조,내용변경,「지방공무원법」 제31조 개정 내용을 반영하여 이 조례 제15조을(를) 검토·정비
환경과,군포시 멸종위기 맹꽁이 등 야생생물 보호 및 생물다양성 증진을 위한 조례,2020-03-16,제9조,검토 필요,야생생물 보호 및 관리에 관한 법률,제33조,내용변경,「야생생물 보호 및 관리에 관한 법률」 제33조 개정 내용을 반영하여 이 조례 제9조을(를) 검토·정비
환경과,군포시 멸종위기 맹꽁이 등 야생생물 보호 및 생물다양성 증진을 위한 조례,2020-03-16,제9조,검토 필요,야생생물 보호 및 관리에 관한 법률,제6조,내용변경,「야생생물 보호 및 관리에 관한 법률」 제6조 개정 내용을 반영하여 이 조례 제9조을(를) 검토·정비
환경과,군포시 실내공기질 관리에 관한 조례,2018-01-05,제7조,검토 필요,실내공기질 관리법,제12조,내용변경,「실내공기질 관리법」 제12조 개정 내용을 반영하여 이 조례 제7조을(를) 검토·정비
환경과,군포시 실내공기질 관리에 관한 조례,2018-01-05,제8조,검토 필요,실내공기질 관리법,제9조,내용변경,「실내공기질 관리법」 제9조 개정 내용을 반영하여 이 조례 제8조을(를) 검토·정비
환경과,군포시 실내공기질 관리에 관한 조례,2018-01-05,제9조,검토 필요,실내공기질 관리법,제9조의2,내용변경,「실내공기질 관리법」 제9조의2 개정 내용을 반영하여 이 조례 제9조을(를) 검토·정비
환경과,군포시 실내공기질 관리에 관한 조례,2018-01-05,제11조,검토 필요,실내공기질 관리법,제10조,내용변경,「실내공기질 관리법」 제10조 개정 내용을 반영하여 이 조례 제11조을(를) 검토·정비
환경과,군포시 화학물질 안전관리에 관한 조례,2022-04-25,제4조,검토 필요,화학물질관리법,제6조,내용변경,「화학물질관리법」 제6조 개정 내용을 반영하여 이 조례 제4조을(를) 검토·정비
환경과,군포시 화학물질 안전관리에 관한 조례,2022-04-25,제16조,검토 필요,화학물질관리법 시행규칙,제30조,내용변경,「화학물질관리법 시행규칙」 제30조 개정 내용을 반영하여 이 조례 제16조을(를) 검토·정비
환경과,군포시 화학물질 안전관리에 관한 조례,2022-04-25,제16조,검토 필요,화학물질관리법,제12조제1항,내용변경,「화학물질관리법」 제12조 개정 내용을 반영하여 이 조례 제16조을(를) 검토·정비
환경과,군포시 화학물질 안전관리에 관한 조례,2022-04-25,제16조,검토 필요,화학물질관리법,제23조의3,내용변경,「화학물질관리법」 제23조의3 개정 내용을 반영하여 이 조례 제16조을(를) 검토·정비
환경과,군포시 화학물질 안전관리에 관한 조례,2022-04-25,제16조,검토 필요,화학물질관리법,제10조,내용변경,「화학물질관리법」 제10조 개정 내용을 반영하여 이 조례 제16조을(를) 검토·정비
환경과,군포시 화학물질 안전관리에 관한 조례,2022-04-25,제16조,검토 필요,화학물질관리법,제11조,내용변경,「화학물질관리법」 제11조 개정 내용을 반영하여 이 조례 제16조을(를) 검토·정비
환경과,군포시 화학물질 안전관리에 관한 조례,2022-04-25,제17조,검토 필요,화학물질관리법,제23조의4,내용변경,「화학물질관리법」 제23조의4 개정 내용을 반영하여 이 조례 제17조을(를) 검토·정비
환경과,군포시 화학물질 안전관리에 관한 조례,2022-04-25,제21조,검토 필요,화학물질관리법,제23조제8항,내용변경,「화학물질관리법」 제23조 개정 내용을 반영하여 이 조례 제21조을(를) 검토·정비
환경과,군포시 화학물질 안전관리에 관한 조례,2022-04-25,제22조,검토 필요,화학물질관리법,제11조의2제6항,내용변경,「화학물질관리법」 제11조의2 개정 내용을 반영하여 이 조례 제22조을(를) 검토·정비
환경과,군포시 환경친화적 자동차의 보급 및 이용 활성화를 위한 조례,2022-08-12,제2조,검토 필요,환경친화적 자동차의 개발 및 보급 촉진에 관한 법률,제2조제2호,내용변경,「환경친화적 자동차의 개발 및 보급 촉진에 관한 법률」 제2조 개정 내용을 반영하여 이 조례 제2조을(를) 검토·정비
환경과,군포시 환경친화적 자동차의 보급 및 이용 활성화를 위한 조례,2022-08-12,제6조,검토 필요,환경친화적 자동차의 개발 및 보급 촉진에 관한 법률,제11조,내용변경,「환경친화적 자동차의 개발 및 보급 촉진에 관한 법률」 제11조 개정 내용을 반영하여 이 조례 제6조을(를) 검토·정비
회계과,군포시 공유재산 관리 조례,2025-07-11,제28조,검토 필요,벤처기업육성에 관한 특별조치법,,제명변경,인용한 「벤처기업육성에 관한 특별조치법」이(가) 현행 「벤처기업육성에 관한 특별법」(으)로 제명변경(개칭·통폐합)됨 — 법령 자체가 바뀌었으니 인용 법령명을 현행화하고 관련 조문을 전면 검토. (조문번호·내용이 재편됐을 수 있어 개별 조문 비교는 생략) [개칭 아니면 인용 오기 확인]
회계과,군포시 공유재산 관리 조례,2025-07-11,제27조,검토 필요,산업입지 및 개발에 관한 법률,제8조,내용변경,「산업입지 및 개발에 관한 법률」 제8조 개정 내용을 반영하여 이 조례 제27조을(를) 검토·정비
회계과,군포시 공유재산 관리 조례,2025-07-11,제27조,검토 필요,외국인투자 촉진법,제18조,내용변경,「외국인투자 촉진법」 제18조 개정 내용을 반영하여 이 조례 제27조을(를) 검토·정비
회계과,군포시 공유재산 관리 조례,2025-07-11,제38조,검토 필요,도시 및 주거환경정비법,제2조,내용변경,「도시 및 주거환경정비법」 제2조 개정 내용을 반영하여 이 조례 제38조을(를) 검토·정비
회계과,군포시 공유재산 관리 조례,2025-07-11,제39조,검토 필요,산업입지 및 개발에 관한 법률,제8조,내용변경,「산업입지 및 개발에 관한 법률」 제8조 개정 내용을 반영하여 이 조례 제39조을(를) 검토·정비
회계과,군포시 공유재산 관리 조례,2025-07-11,제40조,검토 필요,기초연구진흥 및 기술개발지원에 관한 법률,제14조제1항제2호,내용변경,「기초연구진흥 및 기술개발지원에 관한 법률」 제14조 개정 내용을 반영하여 이 조례 제40조을(를) 검토·정비
회계과,군포시 공유재산 관리 조례,2025-07-11,제22조,검토 필요,공유재산 및 물품 관리법 시행령,제14조,내용변경,「공유재산 및 물품 관리법 시행령」 제14조 개정 내용을 반영하여 이 조례 제22조을(를) 검토·정비
회계과,군포시 공유재산 관리 조례,2025-07-11,제28조,검토 필요,공유재산 및 물품 관리법 시행령,제31조,내용변경,「공유재산 및 물품 관리법 시행령」 제31조 개정 내용을 반영하여 이 조례 제28조을(를) 검토·정비
회계과,군포시 공유재산 관리 조례,2025-07-11,제35조,검토 필요,공유재산 및 물품 관리법 시행령,제14조제1항,내용변경,「공유재산 및 물품 관리법 시행령」 제14조 개정 내용을 반영하여 이 조례 제35조을(를) 검토·정비
회계과,군포시 공유재산 관리 조례,2025-07-11,제35조,검토 필요,공유재산 및 물품 관리법 시행령,제31조제1항,내용변경,「공유재산 및 물품 관리법 시행령」 제31조 개정 내용을 반영하여 이 조례 제35조을(를) 검토·정비
회계과,군포시 보증채무 관리 조례,2018-10-08,제1조,검토 필요,지방재정법,제13조,내용변경,「지방재정법」 제13조 개정 내용을 반영하여 이 조례 제1조을(를) 검토·정비
회계과,군포시 지방공무원 여비 조례,2022-01-13,제6조,검토 필요,공용차량 관리 규정,,제명변경,인용한 「공용차량 관리 규정」이(가) 현행 「공무용 차량 관리 규정」(으)로 제명변경(개칭·통폐합)됨 — 법령 자체가 바뀌었으니 인용 법령명을 현행화하고 관련 조문을 전면 검토. (조문번호·내용이 재편됐을 수 있어 개별 조문 비교는 생략) [개칭 아니면 인용 오기 확인]
회계과,군포시 지방공무원 여비 조례,2022-01-13,제6조,검토 필요,국가공무원법,제71조제2항,내용변경,「국가공무원법」 제71조 개정 내용을 반영하여 이 조례 제6조을(를) 검토·정비
회계과,군포시 지방공무원 여비 조례,2022-01-13,제6조,검토 필요,지방공무원법,제63조제2항,내용변경,「지방공무원법」 제63조 개정 내용을 반영하여 이 조례 제6조을(를) 검토·정비
회계과,군포시 지방공무원 여비 조례,2022-01-13,제6조,검토 필요,공무원 여비 규정,제29조,내용변경,「공무원 여비 규정」 제29조 개정 내용을 반영하여 이 조례 제6조을(를) 검토·정비
회계과,군포시 지방공무원 여비 조례,2022-01-13,제6조,검토 필요,공무원 여비 규정,제18조제1항,내용변경,「공무원 여비 규정」 제18조 개정 내용을 반영하여 이 조례 제6조을(를) 검토·정비
회계과,군포시 지방공무원 여비 조례,2022-01-13,제6조,검토 필요,공무원 여비 규정,제27조,내용변경,「공무원 여비 규정」 제27조 개정 내용을 반영하여 이 조례 제6조을(를) 검토·정비
회계과,군포시 지방공무원 여비 조례,2022-01-13,제6조,검토 필요,공무원 여비 규정,제29조제1항,내용변경,「공무원 여비 규정」 제29조 개정 내용을 반영하여 이 조례 제6조을(를) 검토·정비
회계과,군포시청과 그 소속기관의 부설주차장 관리조례,2025-05-08,제6조,검토 필요,환경친화적 자동차의 개발 및 보급 촉진에 관한 법률,제2조,내용변경,「환경친화적 자동차의 개발 및 보급 촉진에 관한 법률」 제2조 개정 내용을 반영하여 이 조례 제6조을(를) 검토·정비
회계과,군포시청과 그 소속기관의 부설주차장 관리조례,2025-05-08,제6조,검토 필요,대기환경보전법,제2조,내용변경,「대기환경보전법」 제2조 개정 내용을 반영하여 이 조례 제6조을(를) 검토·정비
